Customer_ID,Age,Gender,City,Signup_Date
1000,56,Male,Hyderabad,01-01-2022 00:00
1001,69,Female,Hyderabad,02-01-2022 00:00
1002,46,Female,Bangalore,03-01-2022 00:00
1003,32,Male,Hyderabad,04-01-2022 00:00
1004,60,Female,Mumbai,05-01-2022 00:00
1005,25,Female,Bangalore,06-01-2022 00:00
1006,38,Female,Lucknow,07-01-2022 00:00
1007,56,Male,Hyderabad,08-01-2022 00:00
1008,36,Female,Hyderabad,09-01-2022 00:00
1009,40,Female,Lucknow,10-01-2022 00:00
1010,28,Male,Hyderabad,11-01-2022 00:00
1011,28,Male,Lucknow,12-01-2022 00:00
1012,41,Female,Bangalore,13-01-2022 00:00
1013,53,Female,Mumbai,14-01-2022 00:00
1014,57,Male,Lucknow,15-01-2022 00:00
1015,41,Male,Delhi,16-01-2022 00:00
1016,20,Female,Lucknow,17-01-2022 00:00
1017,39,Female,Hyderabad,18-01-2022 00:00
1018,19,Female,Bangalore,19-01-2022 00:00
1019,41,Female,Bangalore,20-01-2022 00:00
1020,61,Male,Lucknow,21-01-2022 00:00
1021,47,Female,Mumbai,22-01-2022 00:00
1022,55,Female,Delhi,23-01-2022 00:00
1023,19,Male,Bangalore,24-01-2022 00:00
1024,38,Female,Hyderabad,25-01-2022 00:00
1025,50,Male,Hyderabad,26-01-2022 00:00
1026,29,Female,Mumbai,27-01-2022 00:00
1027,39,Female,Bangalore,28-01-2022 00:00
1028,61,Male,Lucknow,29-01-2022 00:00
1029,42,Male,Hyderabad,30-01-2022 00:00
1030,66,Female,Mumbai,31-01-2022 00:00
1031,44,Female,Bangalore,01-02-2022 00:00
1032,59,Female,Bangalore,02-02-2022 00:00
1033,45,Male,Bangalore,03-02-2022 00:00
1034,33,Female,Bangalore,04-02-2022 00:00
1035,32,Male,Bangalore,05-02-2022 00:00
1036,64,Male,Hyderabad,06-02-2022 00:00
1037,68,Female,Mumbai,07-02-2022 00:00
1038,61,Male,Bangalore,08-02-2022 00:00
1039,69,Female,Delhi,09-02-2022 00:00
1040,20,Female,Delhi,10-02-2022 00:00
1041,54,Female,Mumbai,11-02-2022 00:00
1042,68,Female,Lucknow,12-02-2022 00:00
1043,24,Female,Lucknow,13-02-2022 00:00
1044,38,Male,Lucknow,14-02-2022 00:00
1045,26,Male,Delhi,15-02-2022 00:00
1046,56,Female,Lucknow,16-02-2022 00:00
1047,35,Female,Hyderabad,17-02-2022 00:00
1048,21,Male,Bangalore,18-02-2022 00:00
1049,42,Male,Delhi,19-02-2022 00:00
1050,31,Male,Mumbai,20-02-2022 00:00
1051,67,Male,Mumbai,21-02-2022 00:00
1052,26,Female,Bangalore,22-02-2022 00:00
1053,43,Female,Delhi,23-02-2022 00:00
1054,19,Male,Lucknow,24-02-2022 00:00
1055,37,Female,Lucknow,25-02-2022 00:00
1056,45,Male,Hyderabad,26-02-2022 00:00
1057,64,Female,Hyderabad,27-02-2022 00:00
1058,24,Male,Lucknow,28-02-2022 00:00
1059,61,Female,Mumbai,01-03-2022 00:00
1060,25,Male,Mumbai,02-03-2022 00:00
1061,64,Male,Hyderabad,03-03-2022 00:00
1062,52,Female,Bangalore,04-03-2022 00:00
1063,31,Male,Lucknow,05-03-2022 00:00
1064,34,Female,Hyderabad,06-03-2022 00:00
1065,53,Female,Hyderabad,07-03-2022 00:00
1066,67,Male,Lucknow,08-03-2022 00:00
1067,57,Female,Lucknow,09-03-2022 00:00
1068,21,Female,Mumbai,10-03-2022 00:00
1069,19,Female,Bangalore,11-03-2022 00:00
1070,23,Female,Bangalore,12-03-2022 00:00
1071,59,Female,Lucknow,13-03-2022 00:00
1072,21,Male,Delhi,14-03-2022 00:00
1073,46,Female,Hyderabad,15-03-2022 00:00
1074,35,Female,Hyderabad,16-03-2022 00:00
1075,43,Female,Lucknow,17-03-2022 00:00
1076,61,Female,Delhi,18-03-2022 00:00
1077,51,Female,Mumbai,19-03-2022 00:00
1078,27,Male,Lucknow,20-03-2022 00:00
1079,53,Female,Lucknow,21-03-2022 00:00
1080,31,Male,Hyderabad,22-03-2022 00:00
1081,48,Male,Lucknow,23-03-2022 00:00
1082,65,Male,Lucknow,24-03-2022 00:00
1083,32,Male,Lucknow,25-03-2022 00:00
1084,25,Female,Hyderabad,26-03-2022 00:00
1085,31,Male,Mumbai,27-03-2022 00:00
1086,40,Male,Mumbai,28-03-2022 00:00
1087,57,Female,Lucknow,29-03-2022 00:00
1088,38,Female,Hyderabad,30-03-2022 00:00
1089,33,Female,Mumbai,31-03-2022 00:00
1090,62,Male,Mumbai,01-04-2022 00:00
1091,35,Female,Mumbai,02-04-2022 00:00
1092,64,Female,Hyderabad,03-04-2022 00:00
1093,41,Male,Hyderabad,04-04-2022 00:00
1094,43,Female,Lucknow,05-04-2022 00:00
1095,42,Female,Bangalore,06-04-2022 00:00
1096,62,Female,Mumbai,07-04-2022 00:00
1097,58,Female,Bangalore,08-04-2022 00:00
1098,46,Male,Hyderabad,09-04-2022 00:00
1099,32,Female,Hyderabad,10-04-2022 00:00
1100,62,Female,Hyderabad,11-04-2022 00:00
1101,18,Male,Bangalore,12-04-2022 00:00
1102,42,Female,Hyderabad,13-04-2022 00:00
1103,24,Male,Lucknow,14-04-2022 00:00
1104,26,Female,Hyderabad,15-04-2022 00:00
1105,41,Male,Delhi,16-04-2022 00:00
1106,18,Male,Bangalore,17-04-2022 00:00
1107,61,Male,Delhi,18-04-2022 00:00
1108,25,Male,Hyderabad,19-04-2022 00:00
1109,41,Female,Lucknow,20-04-2022 00:00
1110,28,Male,Mumbai,21-04-2022 00:00
1111,68,Female,Hyderabad,22-04-2022 00:00
1112,34,Male,Lucknow,23-04-2022 00:00
1113,25,Male,Bangalore,24-04-2022 00:00
1114,52,Male,Delhi,25-04-2022 00:00
1115,52,Female,Delhi,26-04-2022 00:00
1116,50,Male,Delhi,27-04-2022 00:00
1117,22,Female,Bangalore,28-04-2022 00:00
1118,59,Female,Lucknow,29-04-2022 00:00
1119,56,Female,Bangalore,30-04-2022 00:00
1120,58,Female,Delhi,01-05-2022 00:00
1121,45,Female,Hyderabad,02-05-2022 00:00
1122,24,Female,Mumbai,03-05-2022 00:00
1123,26,Female,Bangalore,04-05-2022 00:00
1124,25,Female,Bangalore,05-05-2022 00:00
1125,29,Female,Lucknow,06-05-2022 00:00
1126,51,Male,Lucknow,07-05-2022 00:00
1127,50,Male,Bangalore,08-05-2022 00:00
1128,65,Male,Delhi,09-05-2022 00:00
1129,40,Male,Mumbai,10-05-2022 00:00
1130,41,Male,Lucknow,11-05-2022 00:00
1131,54,Female,Delhi,12-05-2022 00:00
1132,52,Female,Hyderabad,13-05-2022 00:00
1133,61,Female,Lucknow,14-05-2022 00:00
1134,57,Female,Delhi,15-05-2022 00:00
1135,39,Female,Delhi,16-05-2022 00:00
1136,44,Female,Mumbai,17-05-2022 00:00
1137,52,Female,Mumbai,18-05-2022 00:00
1138,18,Male,Hyderabad,19-05-2022 00:00
1139,52,Male,Delhi,20-05-2022 00:00
1140,54,Male,Delhi,21-05-2022 00:00
1141,64,Male,Mumbai,22-05-2022 00:00
1142,31,Female,Lucknow,23-05-2022 00:00
1143,20,Female,Lucknow,24-05-2022 00:00
1144,18,Female,Bangalore,25-05-2022 00:00
1145,22,Male,Mumbai,26-05-2022 00:00
1146,43,Female,Bangalore,27-05-2022 00:00
1147,31,Female,Mumbai,28-05-2022 00:00
1148,56,Female,Hyderabad,29-05-2022 00:00
1149,44,Male,Delhi,30-05-2022 00:00
1150,26,Female,Hyderabad,31-05-2022 00:00
1151,32,Male,Mumbai,01-06-2022 00:00
1152,32,Male,Delhi,02-06-2022 00:00
1153,43,Male,Lucknow,03-06-2022 00:00
1154,59,Male,Lucknow,04-06-2022 00:00
1155,30,Female,Bangalore,05-06-2022 00:00
1156,68,Male,Mumbai,06-06-2022 00:00
1157,49,Male,Mumbai,07-06-2022 00:00
1158,56,Female,Lucknow,08-06-2022 00:00
1159,66,Female,Hyderabad,09-06-2022 00:00
1160,69,Male,Delhi,10-06-2022 00:00
1161,49,Female,Hyderabad,11-06-2022 00:00
1162,21,Male,Hyderabad,12-06-2022 00:00
1163,47,Male,Lucknow,13-06-2022 00:00
1164,54,Male,Lucknow,14-06-2022 00:00
1165,40,Male,Lucknow,15-06-2022 00:00
1166,56,Female,Bangalore,16-06-2022 00:00
1167,62,Male,Hyderabad,17-06-2022 00:00
1168,32,Female,Mumbai,18-06-2022 00:00
1169,60,Female,Delhi,19-06-2022 00:00
1170,46,Female,Bangalore,20-06-2022 00:00
1171,53,Female,Mumbai,21-06-2022 00:00
1172,30,Male,Hyderabad,22-06-2022 00:00
1173,49,Female,Lucknow,23-06-2022 00:00
1174,24,Male,Hyderabad,24-06-2022 00:00
1175,68,Female,Delhi,25-06-2022 00:00
1176,39,Female,Bangalore,26-06-2022 00:00
1177,45,Male,Bangalore,27-06-2022 00:00
1178,19,Male,Delhi,28-06-2022 00:00
1179,59,Male,Mumbai,29-06-2022 00:00
1180,62,Female,Mumbai,30-06-2022 00:00
1181,23,Female,Bangalore,01-07-2022 00:00
1182,45,Male,Bangalore,02-07-2022 00:00
1183,45,Male,Lucknow,03-07-2022 00:00
1184,61,Male,Mumbai,04-07-2022 00:00
1185,61,Male,Delhi,05-07-2022 00:00
1186,37,Female,Mumbai,06-07-2022 00:00
1187,47,Male,Lucknow,07-07-2022 00:00
1188,28,Male,Bangalore,08-07-2022 00:00
1189,45,Male,Bangalore,09-07-2022 00:00
1190,42,Male,Lucknow,10-07-2022 00:00
1191,56,Female,Delhi,11-07-2022 00:00
1192,50,Male,Bangalore,12-07-2022 00:00
1193,18,Female,Hyderabad,13-07-2022 00:00
1194,44,Male,Bangalore,14-07-2022 00:00
1195,69,Male,Hyderabad,15-07-2022 00:00
1196,30,Female,Lucknow,16-07-2022 00:00
1197,58,Male,Lucknow,17-07-2022 00:00
1198,20,Female,Bangalore,18-07-2022 00:00
1199,56,Female,Mumbai,19-07-2022 00:00
1200,23,Male,Hyderabad,20-07-2022 00:00
1201,25,Female,Delhi,21-07-2022 00:00
1202,44,Female,Bangalore,22-07-2022 00:00
1203,26,Female,Delhi,23-07-2022 00:00
1204,54,Female,Bangalore,24-07-2022 00:00
1205,50,Female,Mumbai,25-07-2022 00:00
1206,68,Female,Mumbai,26-07-2022 00:00
1207,59,Female,Mumbai,27-07-2022 00:00
1208,61,Female,Mumbai,28-07-2022 00:00
1209,41,Male,Lucknow,29-07-2022 00:00
1210,32,Male,Lucknow,30-07-2022 00:00
1211,49,Female,Hyderabad,31-07-2022 00:00
1212,49,Male,Delhi,01-08-2022 00:00
1213,41,Female,Bangalore,02-08-2022 00:00
1214,58,Female,Bangalore,03-08-2022 00:00
1215,69,Male,Lucknow,04-08-2022 00:00
1216,66,Female,Bangalore,05-08-2022 00:00
1217,66,Female,Lucknow,06-08-2022 00:00
1218,69,Female,Hyderabad,07-08-2022 00:00
1219,29,Female,Delhi,08-08-2022 00:00
1220,56,Male,Hyderabad,09-08-2022 00:00
1221,19,Female,Mumbai,10-08-2022 00:00
1222,20,Female,Mumbai,11-08-2022 00:00
1223,66,Female,Mumbai,12-08-2022 00:00
1224,54,Male,Hyderabad,13-08-2022 00:00
1225,66,Female,Bangalore,14-08-2022 00:00
1226,34,Male,Delhi,15-08-2022 00:00
1227,66,Male,Mumbai,16-08-2022 00:00
1228,19,Female,Mumbai,17-08-2022 00:00
1229,19,Female,Mumbai,18-08-2022 00:00
1230,45,Male,Delhi,19-08-2022 00:00
1231,40,Female,Mumbai,20-08-2022 00:00
1232,54,Male,Delhi,21-08-2022 00:00
1233,49,Male,Mumbai,22-08-2022 00:00
1234,50,Female,Hyderabad,23-08-2022 00:00
1235,18,Female,Hyderabad,24-08-2022 00:00
1236,36,Male,Delhi,25-08-2022 00:00
1237,19,Male,Hyderabad,26-08-2022 00:00
1238,61,Male,Delhi,27-08-2022 00:00
1239,43,Male,Hyderabad,28-08-2022 00:00
1240,49,Female,Hyderabad,29-08-2022 00:00
1241,23,Female,Delhi,30-08-2022 00:00
1242,49,Female,Bangalore,31-08-2022 00:00
1243,21,Female,Hyderabad,01-09-2022 00:00
1244,28,Female,Mumbai,02-09-2022 00:00
1245,34,Male,Bangalore,03-09-2022 00:00
1246,55,Female,Delhi,04-09-2022 00:00
1247,41,Female,Bangalore,05-09-2022 00:00
1248,22,Female,Lucknow,06-09-2022 00:00
1249,69,Female,Lucknow,07-09-2022 00:00
1250,51,Female,Hyderabad,08-09-2022 00:00
1251,23,Male,Hyderabad,09-09-2022 00:00
1252,39,Male,Mumbai,10-09-2022 00:00
1253,28,Male,Bangalore,11-09-2022 00:00
1254,65,Female,Lucknow,12-09-2022 00:00
1255,33,Male,Hyderabad,13-09-2022 00:00
1256,50,Male,Bangalore,14-09-2022 00:00
1257,26,Female,Hyderabad,15-09-2022 00:00
1258,23,Female,Hyderabad,16-09-2022 00:00
1259,33,Female,Lucknow,17-09-2022 00:00
1260,46,Male,Lucknow,18-09-2022 00:00
1261,20,Male,Hyderabad,19-09-2022 00:00
1262,37,Female,Delhi,20-09-2022 00:00
1263,53,Female,Hyderabad,21-09-2022 00:00
1264,36,Male,Hyderabad,22-09-2022 00:00
1265,43,Male,Mumbai,23-09-2022 00:00
1266,20,Female,Mumbai,24-09-2022 00:00
1267,36,Female,Mumbai,25-09-2022 00:00
1268,37,Male,Delhi,26-09-2022 00:00
1269,49,Female,Delhi,27-09-2022 00:00
1270,24,Male,Hyderabad,28-09-2022 00:00
1271,69,Male,Mumbai,29-09-2022 00:00
1272,58,Male,Delhi,30-09-2022 00:00
1273,50,Male,Lucknow,01-10-2022 00:00
1274,57,Female,Hyderabad,02-10-2022 00:00
1275,56,Female,Bangalore,03-10-2022 00:00
1276,35,Male,Hyderabad,04-10-2022 00:00
1277,57,Male,Bangalore,05-10-2022 00:00
1278,18,Male,Mumbai,06-10-2022 00:00
1279,28,Male,Bangalore,07-10-2022 00:00
1280,45,Male,Mumbai,08-10-2022 00:00
1281,42,Female,Lucknow,09-10-2022 00:00
1282,67,Female,Bangalore,10-10-2022 00:00
1283,40,Female,Hyderabad,11-10-2022 00:00
1284,48,Female,Mumbai,12-10-2022 00:00
1285,47,Male,Hyderabad,13-10-2022 00:00
1286,59,Male,Delhi,14-10-2022 00:00
1287,52,Male,Mumbai,15-10-2022 00:00
1288,24,Male,Bangalore,16-10-2022 00:00
1289,33,Male,Mumbai,17-10-2022 00:00
1290,43,Female,Hyderabad,18-10-2022 00:00
1291,65,Male,Lucknow,19-10-2022 00:00
1292,69,Female,Mumbai,20-10-2022 00:00
1293,66,Female,Bangalore,21-10-2022 00:00
1294,19,Female,Delhi,22-10-2022 00:00
1295,18,Female,Lucknow,23-10-2022 00:00
1296,65,Male,Delhi,24-10-2022 00:00
1297,29,Female,Mumbai,25-10-2022 00:00
1298,22,Female,Hyderabad,26-10-2022 00:00
1299,54,Female,Hyderabad,27-10-2022 00:00
1300,49,Male,Bangalore,28-10-2022 00:00
1301,26,Male,Hyderabad,29-10-2022 00:00
1302,58,Male,Lucknow,30-10-2022 00:00
1303,52,Female,Hyderabad,31-10-2022 00:00
1304,36,Female,Bangalore,01-11-2022 00:00
1305,65,Male,Mumbai,02-11-2022 00:00
1306,33,Female,Mumbai,03-11-2022 00:00
1307,20,Male,Hyderabad,04-11-2022 00:00
1308,37,Male,Delhi,05-11-2022 00:00
1309,41,Female,Mumbai,06-11-2022 00:00
1310,50,Female,Hyderabad,07-11-2022 00:00
1311,41,Female,Bangalore,08-11-2022 00:00
1312,69,Female,Hyderabad,09-11-2022 00:00
1313,28,Male,Mumbai,10-11-2022 00:00
1314,66,Male,Bangalore,11-11-2022 00:00
1315,25,Male,Hyderabad,12-11-2022 00:00
1316,53,Male,Lucknow,13-11-2022 00:00
1317,55,Male,Bangalore,14-11-2022 00:00
1318,57,Female,Lucknow,15-11-2022 00:00
1319,37,Male,Delhi,16-11-2022 00:00
1320,52,Male,Bangalore,17-11-2022 00:00
1321,65,Male,Lucknow,18-11-2022 00:00
1322,42,Female,Mumbai,19-11-2022 00:00
1323,52,Female,Mumbai,20-11-2022 00:00
1324,42,Female,Delhi,21-11-2022 00:00
1325,46,Female,Bangalore,22-11-2022 00:00
1326,35,Male,Bangalore,23-11-2022 00:00
1327,63,Male,Bangalore,24-11-2022 00:00
1328,35,Female,Delhi,25-11-2022 00:00
1329,19,Female,Bangalore,26-11-2022 00:00
1330,52,Male,Mumbai,27-11-2022 00:00
1331,33,Male,Lucknow,28-11-2022 00:00
1332,58,Female,Mumbai,29-11-2022 00:00
1333,53,Female,Mumbai,30-11-2022 00:00
1334,50,Female,Lucknow,01-12-2022 00:00
1335,21,Female,Mumbai,02-12-2022 00:00
1336,50,Male,Delhi,03-12-2022 00:00
1337,31,Male,Lucknow,04-12-2022 00:00
1338,38,Male,Mumbai,05-12-2022 00:00
1339,65,Female,Hyderabad,06-12-2022 00:00
1340,37,Female,Mumbai,07-12-2022 00:00
1341,25,Male,Delhi,08-12-2022 00:00
1342,24,Male,Bangalore,09-12-2022 00:00
1343,20,Male,Mumbai,10-12-2022 00:00
1344,34,Male,Bangalore,11-12-2022 00:00
1345,50,Female,Hyderabad,12-12-2022 00:00
1346,65,Male,Mumbai,13-12-2022 00:00
1347,29,Male,Lucknow,14-12-2022 00:00
1348,68,Male,Bangalore,15-12-2022 00:00
1349,39,Male,Hyderabad,16-12-2022 00:00
1350,39,Male,Lucknow,17-12-2022 00:00
1351,63,Male,Lucknow,18-12-2022 00:00
1352,47,Male,Lucknow,19-12-2022 00:00
1353,55,Female,Lucknow,20-12-2022 00:00
1354,55,Female,Mumbai,21-12-2022 00:00
1355,62,Female,Mumbai,22-12-2022 00:00
1356,68,Female,Mumbai,23-12-2022 00:00
1357,25,Male,Hyderabad,24-12-2022 00:00
1358,44,Female,Hyderabad,25-12-2022 00:00
1359,44,Female,Hyderabad,26-12-2022 00:00
1360,51,Male,Delhi,27-12-2022 00:00
1361,38,Male,Hyderabad,28-12-2022 00:00
1362,47,Female,Mumbai,29-12-2022 00:00
1363,50,Female,Mumbai,30-12-2022 00:00
1364,45,Male,Delhi,31-12-2022 00:00
1365,64,Female,Delhi,01-01-2023 00:00
1366,50,Male,Hyderabad,02-01-2023 00:00
1367,22,Male,Bangalore,03-01-2023 00:00
1368,65,Male,Delhi,04-01-2023 00:00
1369,36,Male,Lucknow,05-01-2023 00:00
1370,21,Female,Mumbai,06-01-2023 00:00
1371,52,Male,Lucknow,07-01-2023 00:00
1372,66,Male,Mumbai,08-01-2023 00:00
1373,34,Female,Mumbai,09-01-2023 00:00
1374,61,Male,Delhi,10-01-2023 00:00
1375,45,Female,Delhi,11-01-2023 00:00
1376,47,Female,Lucknow,12-01-2023 00:00
1377,46,Female,Mumbai,13-01-2023 00:00
1378,63,Male,Lucknow,14-01-2023 00:00
1379,23,Female,Bangalore,15-01-2023 00:00
1380,52,Female,Lucknow,16-01-2023 00:00
1381,58,Male,Hyderabad,17-01-2023 00:00
1382,54,Female,Lucknow,18-01-2023 00:00
1383,41,Female,Hyderabad,19-01-2023 00:00
1384,46,Female,Hyderabad,20-01-2023 00:00
1385,66,Female,Hyderabad,21-01-2023 00:00
1386,63,Female,Bangalore,22-01-2023 00:00
1387,48,Male,Lucknow,23-01-2023 00:00
1388,52,Female,Lucknow,24-01-2023 00:00
1389,50,Female,Bangalore,25-01-2023 00:00
1390,69,Male,Mumbai,26-01-2023 00:00
1391,38,Male,Delhi,27-01-2023 00:00
1392,49,Male,Lucknow,28-01-2023 00:00
1393,40,Female,Delhi,29-01-2023 00:00
1394,50,Male,Bangalore,30-01-2023 00:00
1395,20,Female,Mumbai,31-01-2023 00:00
1396,35,Female,Mumbai,01-02-2023 00:00
1397,42,Male,Mumbai,02-02-2023 00:00
1398,59,Male,Bangalore,03-02-2023 00:00
1399,48,Female,Hyderabad,04-02-2023 00:00
1400,20,Male,Hyderabad,05-02-2023 00:00
1401,57,Female,Delhi,06-02-2023 00:00
1402,63,Male,Hyderabad,07-02-2023 00:00
1403,41,Male,Hyderabad,08-02-2023 00:00
1404,67,Male,Mumbai,09-02-2023 00:00
1405,49,Female,Mumbai,10-02-2023 00:00
1406,64,Male,Delhi,11-02-2023 00:00
1407,39,Female,Lucknow,12-02-2023 00:00
1408,40,Female,Delhi,13-02-2023 00:00
1409,19,Female,Delhi,14-02-2023 00:00
1410,44,Female,Bangalore,15-02-2023 00:00
1411,59,Male,Bangalore,16-02-2023 00:00
1412,19,Female,Delhi,17-02-2023 00:00
1413,43,Female,Delhi,18-02-2023 00:00
1414,34,Male,Delhi,19-02-2023 00:00
1415,57,Female,Hyderabad,20-02-2023 00:00
1416,50,Male,Bangalore,21-02-2023 00:00
1417,26,Female,Delhi,22-02-2023 00:00
1418,60,Male,Mumbai,23-02-2023 00:00
1419,65,Female,Mumbai,24-02-2023 00:00
1420,56,Male,Hyderabad,25-02-2023 00:00
1421,46,Female,Hyderabad,26-02-2023 00:00
1422,59,Female,Lucknow,27-02-2023 00:00
1423,43,Male,Lucknow,28-02-2023 00:00
1424,52,Male,Lucknow,01-03-2023 00:00
1425,67,Male,Hyderabad,02-03-2023 00:00
1426,42,Male,Hyderabad,03-03-2023 00:00
1427,41,Female,Hyderabad,04-03-2023 00:00
1428,30,Female,Mumbai,05-03-2023 00:00
1429,24,Male,Hyderabad,06-03-2023 00:00
1430,53,Female,Mumbai,07-03-2023 00:00
1431,62,Male,Lucknow,08-03-2023 00:00
1432,37,Male,Lucknow,09-03-2023 00:00
1433,18,Female,Lucknow,10-03-2023 00:00
1434,25,Female,Delhi,11-03-2023 00:00
1435,63,Female,Delhi,12-03-2023 00:00
1436,33,Female,Bangalore,13-03-2023 00:00
1437,31,Female,Bangalore,14-03-2023 00:00
1438,29,Female,Bangalore,15-03-2023 00:00
1439,68,Female,Delhi,16-03-2023 00:00
1440,40,Male,Delhi,17-03-2023 00:00
1441,32,Male,Bangalore,18-03-2023 00:00
1442,45,Male,Bangalore,19-03-2023 00:00
1443,51,Male,Hyderabad,20-03-2023 00:00
1444,19,Male,Bangalore,21-03-2023 00:00
1445,49,Female,Hyderabad,22-03-2023 00:00
1446,40,Male,Mumbai,23-03-2023 00:00
1447,39,Male,Delhi,24-03-2023 00:00
1448,68,Male,Bangalore,25-03-2023 00:00
1449,42,Male,Delhi,26-03-2023 00:00
1450,39,Male,Delhi,27-03-2023 00:00
1451,39,Male,Delhi,28-03-2023 00:00
1452,66,Male,Mumbai,29-03-2023 00:00
1453,69,Female,Lucknow,30-03-2023 00:00
1454,59,Female,Bangalore,31-03-2023 00:00
1455,23,Male,Lucknow,01-04-2023 00:00
1456,32,Female,Lucknow,02-04-2023 00:00
1457,60,Female,Lucknow,03-04-2023 00:00
1458,54,Female,Delhi,04-04-2023 00:00
1459,50,Female,Hyderabad,05-04-2023 00:00
1460,25,Male,Delhi,06-04-2023 00:00
1461,61,Female,Delhi,07-04-2023 00:00
1462,61,Female,Lucknow,08-04-2023 00:00
1463,22,Female,Delhi,09-04-2023 00:00
1464,56,Male,Lucknow,10-04-2023 00:00
1465,21,Male,Hyderabad,11-04-2023 00:00
1466,23,Male,Bangalore,12-04-2023 00:00
1467,62,Male,Lucknow,13-04-2023 00:00
1468,49,Male,Hyderabad,14-04-2023 00:00
1469,69,Male,Bangalore,15-04-2023 00:00
1470,47,Male,Mumbai,16-04-2023 00:00
1471,64,Female,Lucknow,17-04-2023 00:00
1472,52,Female,Lucknow,18-04-2023 00:00
1473,57,Female,Mumbai,19-04-2023 00:00
1474,69,Male,Mumbai,20-04-2023 00:00
1475,33,Male,Lucknow,21-04-2023 00:00
1476,30,Male,Mumbai,22-04-2023 00:00
1477,67,Male,Delhi,23-04-2023 00:00
1478,59,Male,Bangalore,24-04-2023 00:00
1479,47,Female,Bangalore,25-04-2023 00:00
1480,36,Female,Bangalore,26-04-2023 00:00
1481,34,Male,Delhi,27-04-2023 00:00
1482,36,Male,Mumbai,28-04-2023 00:00
1483,45,Male,Hyderabad,29-04-2023 00:00
1484,43,Male,Mumbai,30-04-2023 00:00
1485,54,Female,Lucknow,01-05-2023 00:00
1486,43,Male,Bangalore,02-05-2023 00:00
1487,40,Male,Mumbai,03-05-2023 00:00
1488,26,Male,Hyderabad,04-05-2023 00:00
1489,29,Male,Lucknow,05-05-2023 00:00
1490,18,Female,Delhi,06-05-2023 00:00
1491,18,Male,Delhi,07-05-2023 00:00
1492,64,Male,Hyderabad,08-05-2023 00:00
1493,51,Female,Lucknow,09-05-2023 00:00
1494,49,Female,Bangalore,10-05-2023 00:00
1495,65,Female,Mumbai,11-05-2023 00:00
1496,42,Male,Lucknow,12-05-2023 00:00
1497,57,Male,Delhi,13-05-2023 00:00
1498,62,Female,Hyderabad,14-05-2023 00:00
1499,18,Female,Hyderabad,15-05-2023 00:00
1500,33,Female,Mumbai,16-05-2023 00:00
1501,56,Female,Hyderabad,17-05-2023 00:00
1502,22,Female,Hyderabad,18-05-2023 00:00
1503,39,Female,Lucknow,19-05-2023 00:00
1504,46,Male,Bangalore,20-05-2023 00:00
1505,20,Male,Mumbai,21-05-2023 00:00
1506,29,Male,Lucknow,22-05-2023 00:00
1507,43,Female,Bangalore,23-05-2023 00:00
1508,33,Female,Lucknow,24-05-2023 00:00
1509,68,Female,Lucknow,25-05-2023 00:00
1510,54,Female,Hyderabad,26-05-2023 00:00
1511,39,Female,Bangalore,27-05-2023 00:00
1512,46,Female,Mumbai,28-05-2023 00:00
1513,31,Male,Mumbai,29-05-2023 00:00
1514,45,Male,Bangalore,30-05-2023 00:00
1515,22,Female,Hyderabad,31-05-2023 00:00
1516,64,Male,Delhi,01-06-2023 00:00
1517,66,Female,Lucknow,02-06-2023 00:00
1518,47,Male,Hyderabad,03-06-2023 00:00
1519,63,Female,Bangalore,04-06-2023 00:00
1520,69,Female,Lucknow,05-06-2023 00:00
1521,22,Male,Mumbai,06-06-2023 00:00
1522,29,Male,Delhi,07-06-2023 00:00
1523,33,Female,Mumbai,08-06-2023 00:00
1524,43,Female,Bangalore,09-06-2023 00:00
1525,43,Male,Lucknow,10-06-2023 00:00
1526,65,Male,Bangalore,11-06-2023 00:00
1527,38,Female,Lucknow,12-06-2023 00:00
1528,56,Male,Hyderabad,13-06-2023 00:00
1529,53,Female,Delhi,14-06-2023 00:00
1530,50,Female,Hyderabad,15-06-2023 00:00
1531,47,Female,Hyderabad,16-06-2023 00:00
1532,54,Female,Bangalore,17-06-2023 00:00
1533,40,Male,Delhi,18-06-2023 00:00
1534,27,Male,Lucknow,19-06-2023 00:00
1535,22,Male,Lucknow,20-06-2023 00:00
1536,53,Male,Mumbai,21-06-2023 00:00
1537,51,Male,Lucknow,22-06-2023 00:00
1538,69,Male,Bangalore,23-06-2023 00:00
1539,48,Male,Hyderabad,24-06-2023 00:00
1540,27,Female,Hyderabad,25-06-2023 00:00
1541,36,Male,Hyderabad,26-06-2023 00:00
1542,49,Male,Delhi,27-06-2023 00:00
1543,18,Female,Lucknow,28-06-2023 00:00
1544,22,Male,Bangalore,29-06-2023 00:00
1545,62,Male,Delhi,30-06-2023 00:00
1546,21,Female,Mumbai,01-07-2023 00:00
1547,33,Male,Bangalore,02-07-2023 00:00
1548,41,Male,Bangalore,03-07-2023 00:00
1549,33,Male,Bangalore,04-07-2023 00:00
1550,19,Female,Hyderabad,05-07-2023 00:00
1551,66,Male,Bangalore,06-07-2023 00:00
1552,45,Male,Lucknow,07-07-2023 00:00
1553,49,Female,Bangalore,08-07-2023 00:00
1554,44,Male,Hyderabad,09-07-2023 00:00
1555,37,Female,Bangalore,10-07-2023 00:00
1556,41,Female,Mumbai,11-07-2023 00:00
1557,29,Male,Mumbai,12-07-2023 00:00
1558,67,Female,Hyderabad,13-07-2023 00:00
1559,52,Female,Lucknow,14-07-2023 00:00
1560,50,Male,Lucknow,15-07-2023 00:00
1561,50,Female,Delhi,16-07-2023 00:00
1562,68,Female,Hyderabad,17-07-2023 00:00
1563,60,Male,Bangalore,18-07-2023 00:00
1564,54,Male,Hyderabad,19-07-2023 00:00
1565,29,Male,Delhi,20-07-2023 00:00
1566,20,Female,Hyderabad,21-07-2023 00:00
1567,18,Male,Hyderabad,22-07-2023 00:00
1568,50,Female,Delhi,23-07-2023 00:00
1569,57,Female,Lucknow,24-07-2023 00:00
1570,27,Female,Bangalore,25-07-2023 00:00
1571,60,Female,Delhi,26-07-2023 00:00
1572,61,Female,Mumbai,27-07-2023 00:00
1573,46,Female,Lucknow,28-07-2023 00:00
1574,30,Female,Mumbai,29-07-2023 00:00
1575,29,Male,Lucknow,30-07-2023 00:00
1576,48,Male,Bangalore,31-07-2023 00:00
1577,63,Female,Bangalore,01-08-2023 00:00
1578,19,Female,Hyderabad,02-08-2023 00:00
1579,68,Male,Mumbai,03-08-2023 00:00
1580,67,Female,Lucknow,04-08-2023 00:00
1581,52,Male,Bangalore,05-08-2023 00:00
1582,40,Male,Delhi,06-08-2023 00:00
1583,34,Male,Bangalore,07-08-2023 00:00
1584,43,Female,Delhi,08-08-2023 00:00
1585,25,Female,Lucknow,09-08-2023 00:00
1586,46,Male,Bangalore,10-08-2023 00:00
1587,43,Male,Bangalore,11-08-2023 00:00
1588,27,Male,Lucknow,12-08-2023 00:00
1589,43,Male,Bangalore,13-08-2023 00:00
1590,51,Male,Delhi,14-08-2023 00:00
1591,68,Female,Bangalore,15-08-2023 00:00
1592,58,Male,Mumbai,16-08-2023 00:00
1593,24,Female,Hyderabad,17-08-2023 00:00
1594,21,Male,Delhi,18-08-2023 00:00
1595,67,Female,Mumbai,19-08-2023 00:00
1596,62,Female,Lucknow,20-08-2023 00:00
1597,28,Female,Delhi,21-08-2023 00:00
1598,46,Female,Hyderabad,22-08-2023 00:00
1599,53,Female,Hyderabad,23-08-2023 00:00
1600,42,Female,Lucknow,24-08-2023 00:00
1601,38,Male,Lucknow,25-08-2023 00:00
1602,53,Female,Delhi,26-08-2023 00:00
1603,27,Male,Bangalore,27-08-2023 00:00
1604,54,Female,Lucknow,28-08-2023 00:00
1605,26,Female,Bangalore,29-08-2023 00:00
1606,41,Male,Mumbai,30-08-2023 00:00
1607,52,Female,Hyderabad,31-08-2023 00:00
1608,66,Male,Bangalore,01-09-2023 00:00
1609,52,Male,Hyderabad,02-09-2023 00:00
1610,65,Male,Bangalore,03-09-2023 00:00
1611,53,Male,Mumbai,04-09-2023 00:00
1612,35,Female,Lucknow,05-09-2023 00:00
1613,66,Female,Mumbai,06-09-2023 00:00
1614,56,Male,Lucknow,07-09-2023 00:00
1615,49,Female,Lucknow,08-09-2023 00:00
1616,41,Female,Hyderabad,09-09-2023 00:00
1617,40,Male,Mumbai,10-09-2023 00:00
1618,49,Female,Bangalore,11-09-2023 00:00
1619,54,Male,Mumbai,12-09-2023 00:00
1620,29,Male,Hyderabad,13-09-2023 00:00
1621,66,Female,Lucknow,14-09-2023 00:00
1622,30,Female,Hyderabad,15-09-2023 00:00
1623,40,Female,Delhi,16-09-2023 00:00
1624,42,Male,Delhi,17-09-2023 00:00
1625,52,Male,Bangalore,18-09-2023 00:00
1626,58,Female,Hyderabad,19-09-2023 00:00
1627,47,Female,Bangalore,20-09-2023 00:00
1628,34,Female,Bangalore,21-09-2023 00:00
1629,66,Female,Delhi,22-09-2023 00:00
1630,37,Male,Bangalore,23-09-2023 00:00
1631,65,Female,Delhi,24-09-2023 00:00
1632,42,Male,Lucknow,25-09-2023 00:00
1633,39,Male,Hyderabad,26-09-2023 00:00
1634,30,Female,Bangalore,27-09-2023 00:00
1635,36,Female,Delhi,28-09-2023 00:00
1636,66,Female,Mumbai,29-09-2023 00:00
1637,53,Male,Bangalore,30-09-2023 00:00
1638,29,Female,Lucknow,01-10-2023 00:00
1639,58,Female,Lucknow,02-10-2023 00:00
1640,36,Male,Mumbai,03-10-2023 00:00
1641,29,Female,Delhi,04-10-2023 00:00
1642,26,Male,Bangalore,05-10-2023 00:00
1643,24,Female,Delhi,06-10-2023 00:00
1644,45,Male,Lucknow,07-10-2023 00:00
1645,31,Female,Delhi,08-10-2023 00:00
1646,48,Female,Lucknow,09-10-2023 00:00
1647,69,Male,Delhi,10-10-2023 00:00
1648,36,Male,Mumbai,11-10-2023 00:00
1649,64,Female,Hyderabad,12-10-2023 00:00
1650,33,Male,Mumbai,13-10-2023 00:00
1651,22,Male,Mumbai,14-10-2023 00:00
1652,52,Male,Hyderabad,15-10-2023 00:00
1653,29,Male,Hyderabad,16-10-2023 00:00
1654,42,Female,Bangalore,17-10-2023 00:00
1655,69,Female,Bangalore,18-10-2023 00:00
1656,38,Male,Mumbai,19-10-2023 00:00
1657,53,Male,Mumbai,20-10-2023 00:00
1658,40,Male,Lucknow,21-10-2023 00:00
1659,33,Male,Lucknow,22-10-2023 00:00
1660,56,Female,Bangalore,23-10-2023 00:00
1661,62,Female,Bangalore,24-10-2023 00:00
1662,59,Male,Lucknow,25-10-2023 00:00
1663,56,Male,Lucknow,26-10-2023 00:00
1664,31,Male,Delhi,27-10-2023 00:00
1665,48,Female,Delhi,28-10-2023 00:00
1666,22,Male,Lucknow,29-10-2023 00:00
1667,52,Female,Delhi,30-10-2023 00:00
1668,40,Male,Hyderabad,31-10-2023 00:00
1669,46,Female,Bangalore,01-11-2023 00:00
1670,60,Male,Bangalore,02-11-2023 00:00
1671,28,Female,Lucknow,03-11-2023 00:00
1672,35,Male,Mumbai,04-11-2023 00:00
1673,64,Male,Lucknow,05-11-2023 00:00
1674,29,Male,Delhi,06-11-2023 00:00
1675,26,Female,Mumbai,07-11-2023 00:00
1676,27,Male,Delhi,08-11-2023 00:00
1677,61,Female,Hyderabad,09-11-2023 00:00
1678,34,Female,Delhi,10-11-2023 00:00
1679,55,Male,Hyderabad,11-11-2023 00:00
1680,24,Male,Hyderabad,12-11-2023 00:00
1681,63,Male,Delhi,13-11-2023 00:00
1682,30,Female,Delhi,14-11-2023 00:00
1683,57,Male,Hyderabad,15-11-2023 00:00
1684,59,Female,Mumbai,16-11-2023 00:00
1685,26,Female,Hyderabad,17-11-2023 00:00
1686,67,Male,Bangalore,18-11-2023 00:00
1687,44,Male,Hyderabad,19-11-2023 00:00
1688,19,Male,Mumbai,20-11-2023 00:00
1689,22,Male,Bangalore,21-11-2023 00:00
1690,46,Male,Lucknow,22-11-2023 00:00
1691,54,Male,Lucknow,23-11-2023 00:00
1692,55,Female,Mumbai,24-11-2023 00:00
1693,36,Female,Hyderabad,25-11-2023 00:00
1694,25,Female,Delhi,26-11-2023 00:00
1695,65,Male,Mumbai,27-11-2023 00:00
1696,62,Female,Bangalore,28-11-2023 00:00
1697,18,Female,Bangalore,29-11-2023 00:00
1698,39,Female,Lucknow,30-11-2023 00:00
1699,69,Female,Bangalore,01-12-2023 00:00
1700,34,Female,Mumbai,02-12-2023 00:00
1701,24,Male,Bangalore,03-12-2023 00:00
1702,42,Male,Mumbai,04-12-2023 00:00
1703,62,Female,Delhi,05-12-2023 00:00
1704,21,Female,Lucknow,06-12-2023 00:00
1705,53,Female,Bangalore,07-12-2023 00:00
1706,23,Male,Mumbai,08-12-2023 00:00
1707,48,Male,Hyderabad,09-12-2023 00:00
1708,36,Female,Lucknow,10-12-2023 00:00
1709,61,Male,Delhi,11-12-2023 00:00
1710,56,Male,Mumbai,12-12-2023 00:00
1711,44,Female,Delhi,13-12-2023 00:00
1712,27,Male,Delhi,14-12-2023 00:00
1713,43,Male,Bangalore,15-12-2023 00:00
1714,36,Female,Bangalore,16-12-2023 00:00
1715,56,Male,Mumbai,17-12-2023 00:00
1716,20,Male,Hyderabad,18-12-2023 00:00
1717,62,Female,Mumbai,19-12-2023 00:00
1718,30,Male,Hyderabad,20-12-2023 00:00
1719,67,Male,Delhi,21-12-2023 00:00
1720,45,Female,Lucknow,22-12-2023 00:00
1721,37,Female,Mumbai,23-12-2023 00:00
1722,45,Female,Mumbai,24-12-2023 00:00
1723,25,Male,Hyderabad,25-12-2023 00:00
1724,58,Female,Delhi,26-12-2023 00:00
1725,56,Male,Delhi,27-12-2023 00:00
1726,18,Female,Hyderabad,28-12-2023 00:00
1727,20,Male,Delhi,29-12-2023 00:00
1728,30,Female,Bangalore,30-12-2023 00:00
1729,45,Female,Lucknow,31-12-2023 00:00
1730,66,Female,Mumbai,01-01-2024 00:00
1731,42,Female,Lucknow,02-01-2024 00:00
1732,50,Male,Mumbai,03-01-2024 00:00
1733,55,Female,Bangalore,04-01-2024 00:00
1734,23,Female,Delhi,05-01-2024 00:00
1735,61,Male,Hyderabad,06-01-2024 00:00
1736,62,Female,Bangalore,07-01-2024 00:00
1737,49,Male,Lucknow,08-01-2024 00:00
1738,62,Female,Hyderabad,09-01-2024 00:00
1739,64,Female,Delhi,10-01-2024 00:00
1740,38,Female,Bangalore,11-01-2024 00:00
1741,33,Male,Hyderabad,12-01-2024 00:00
1742,38,Female,Bangalore,13-01-2024 00:00
1743,28,Female,Bangalore,14-01-2024 00:00
1744,54,Female,Delhi,15-01-2024 00:00
1745,53,Male,Mumbai,16-01-2024 00:00
1746,52,Male,Hyderabad,17-01-2024 00:00
1747,36,Female,Delhi,18-01-2024 00:00
1748,37,Male,Bangalore,19-01-2024 00:00
1749,35,Female,Delhi,20-01-2024 00:00
1750,64,Female,Mumbai,21-01-2024 00:00
1751,58,Female,Hyderabad,22-01-2024 00:00
1752,66,Female,Mumbai,23-01-2024 00:00
1753,31,Female,Lucknow,24-01-2024 00:00
1754,32,Female,Hyderabad,25-01-2024 00:00
1755,48,Female,Mumbai,26-01-2024 00:00
1756,18,Male,Bangalore,27-01-2024 00:00
1757,20,Male,Hyderabad,28-01-2024 00:00
1758,33,Male,Hyderabad,29-01-2024 00:00
1759,40,Male,Delhi,30-01-2024 00:00
1760,28,Male,Bangalore,31-01-2024 00:00
1761,29,Male,Lucknow,01-02-2024 00:00
1762,27,Male,Mumbai,02-02-2024 00:00
1763,49,Female,Delhi,03-02-2024 00:00
1764,33,Female,Mumbai,04-02-2024 00:00
1765,25,Female,Lucknow,05-02-2024 00:00
1766,55,Female,Lucknow,06-02-2024 00:00
1767,29,Male,Hyderabad,07-02-2024 00:00
1768,41,Male,Lucknow,08-02-2024 00:00
1769,45,Female,Mumbai,09-02-2024 00:00
1770,25,Female,Bangalore,10-02-2024 00:00
1771,45,Male,Bangalore,11-02-2024 00:00
1772,53,Female,Hyderabad,12-02-2024 00:00
1773,43,Female,Mumbai,13-02-2024 00:00
1774,25,Female,Mumbai,14-02-2024 00:00
1775,67,Female,Lucknow,15-02-2024 00:00
1776,45,Male,Mumbai,16-02-2024 00:00
1777,45,Female,Delhi,17-02-2024 00:00
1778,54,Female,Lucknow,18-02-2024 00:00
1779,58,Male,Delhi,19-02-2024 00:00
1780,53,Male,Hyderabad,20-02-2024 00:00
1781,44,Female,Bangalore,21-02-2024 00:00
1782,34,Male,Hyderabad,22-02-2024 00:00
1783,26,Female,Bangalore,23-02-2024 00:00
1784,50,Female,Hyderabad,24-02-2024 00:00
1785,37,Male,Mumbai,25-02-2024 00:00
1786,30,Female,Delhi,26-02-2024 00:00
1787,45,Female,Bangalore,27-02-2024 00:00
1788,65,Female,Lucknow,28-02-2024 00:00
1789,46,Female,Delhi,29-02-2024 00:00
1790,30,Male,Lucknow,01-03-2024 00:00
1791,63,Male,Delhi,02-03-2024 00:00
1792,52,Female,Delhi,03-03-2024 00:00
1793,23,Male,Hyderabad,04-03-2024 00:00
1794,35,Female,Bangalore,05-03-2024 00:00
1795,68,Female,Bangalore,06-03-2024 00:00
1796,22,Female,Delhi,07-03-2024 00:00
1797,64,Female,Mumbai,08-03-2024 00:00
1798,42,Female,Mumbai,09-03-2024 00:00
1799,19,Male,Lucknow,10-03-2024 00:00
1800,27,Female,Lucknow,11-03-2024 00:00
1801,47,Male,Hyderabad,12-03-2024 00:00
1802,67,Male,Delhi,13-03-2024 00:00
1803,62,Female,Lucknow,14-03-2024 00:00
1804,22,Female,Lucknow,15-03-2024 00:00
1805,50,Female,Delhi,16-03-2024 00:00
1806,18,Female,Hyderabad,17-03-2024 00:00
1807,35,Female,Lucknow,18-03-2024 00:00
1808,49,Male,Hyderabad,19-03-2024 00:00
1809,64,Female,Bangalore,20-03-2024 00:00
1810,66,Female,Hyderabad,21-03-2024 00:00
1811,28,Male,Mumbai,22-03-2024 00:00
1812,38,Male,Mumbai,23-03-2024 00:00
1813,43,Female,Hyderabad,24-03-2024 00:00
1814,42,Male,Mumbai,25-03-2024 00:00
1815,39,Female,Bangalore,26-03-2024 00:00
1816,44,Male,Delhi,27-03-2024 00:00
1817,66,Male,Mumbai,28-03-2024 00:00
1818,30,Female,Mumbai,29-03-2024 00:00
1819,50,Male,Hyderabad,30-03-2024 00:00
1820,51,Male,Bangalore,31-03-2024 00:00
1821,58,Male,Delhi,01-04-2024 00:00
1822,52,Male,Hyderabad,02-04-2024 00:00
1823,18,Male,Hyderabad,03-04-2024 00:00
1824,38,Male,Bangalore,04-04-2024 00:00
1825,65,Female,Delhi,05-04-2024 00:00
1826,23,Female,Bangalore,06-04-2024 00:00
1827,45,Male,Delhi,07-04-2024 00:00
1828,34,Female,Bangalore,08-04-2024 00:00
1829,22,Female,Hyderabad,09-04-2024 00:00
1830,48,Female,Hyderabad,10-04-2024 00:00
1831,22,Male,Lucknow,11-04-2024 00:00
1832,55,Female,Mumbai,12-04-2024 00:00
1833,20,Male,Bangalore,13-04-2024 00:00
1834,40,Female,Lucknow,14-04-2024 00:00
1835,54,Male,Mumbai,15-04-2024 00:00
1836,54,Male,Bangalore,16-04-2024 00:00
1837,27,Female,Delhi,17-04-2024 00:00
1838,27,Female,Mumbai,18-04-2024 00:00
1839,36,Male,Hyderabad,19-04-2024 00:00
1840,34,Female,Lucknow,20-04-2024 00:00
1841,38,Female,Mumbai,21-04-2024 00:00
1842,31,Female,Mumbai,22-04-2024 00:00
1843,26,Male,Hyderabad,23-04-2024 00:00
1844,63,Male,Bangalore,24-04-2024 00:00
1845,18,Female,Delhi,25-04-2024 00:00
1846,68,Female,Hyderabad,26-04-2024 00:00
1847,62,Female,Delhi,27-04-2024 00:00
1848,30,Male,Bangalore,28-04-2024 00:00
1849,21,Male,Mumbai,29-04-2024 00:00
1850,18,Female,Delhi,30-04-2024 00:00
1851,66,Female,Lucknow,01-05-2024 00:00
1852,57,Female,Lucknow,02-05-2024 00:00
1853,49,Female,Hyderabad,03-05-2024 00:00
1854,51,Female,Bangalore,04-05-2024 00:00
1855,45,Female,Hyderabad,05-05-2024 00:00
1856,48,Male,Hyderabad,06-05-2024 00:00
1857,25,Female,Hyderabad,07-05-2024 00:00
1858,56,Male,Lucknow,08-05-2024 00:00
1859,43,Female,Lucknow,09-05-2024 00:00
1860,51,Female,Hyderabad,10-05-2024 00:00
1861,20,Male,Lucknow,11-05-2024 00:00
1862,67,Male,Bangalore,12-05-2024 00:00
1863,29,Male,Hyderabad,13-05-2024 00:00
1864,18,Male,Lucknow,14-05-2024 00:00
1865,61,Female,Delhi,15-05-2024 00:00
1866,22,Male,Hyderabad,16-05-2024 00:00
1867,47,Female,Hyderabad,17-05-2024 00:00
1868,47,Male,Bangalore,18-05-2024 00:00
1869,34,Female,Mumbai,19-05-2024 00:00
1870,65,Female,Mumbai,20-05-2024 00:00
1871,64,Female,Bangalore,21-05-2024 00:00
1872,40,Female,Bangalore,22-05-2024 00:00
1873,32,Female,Bangalore,23-05-2024 00:00
1874,54,Female,Mumbai,24-05-2024 00:00
1875,38,Male,Bangalore,25-05-2024 00:00
1876,31,Female,Lucknow,26-05-2024 00:00
1877,19,Male,Hyderabad,27-05-2024 00:00
1878,28,Male,Hyderabad,28-05-2024 00:00
1879,68,Female,Delhi,29-05-2024 00:00
1880,56,Male,Delhi,30-05-2024 00:00
1881,55,Female,Hyderabad,31-05-2024 00:00
1882,51,Male,Lucknow,01-06-2024 00:00
1883,55,Female,Mumbai,02-06-2024 00:00
1884,67,Male,Mumbai,03-06-2024 00:00
1885,51,Female,Lucknow,04-06-2024 00:00
1886,35,Female,Mumbai,05-06-2024 00:00
1887,47,Female,Bangalore,06-06-2024 00:00
1888,32,Female,Hyderabad,07-06-2024 00:00
1889,44,Male,Hyderabad,08-06-2024 00:00
1890,68,Female,Lucknow,09-06-2024 00:00
1891,51,Male,Mumbai,10-06-2024 00:00
1892,69,Male,Delhi,11-06-2024 00:00
1893,55,Male,Delhi,12-06-2024 00:00
1894,50,Female,Mumbai,13-06-2024 00:00
1895,41,Male,Delhi,14-06-2024 00:00
1896,32,Male,Lucknow,15-06-2024 00:00
1897,47,Male,Lucknow,16-06-2024 00:00
1898,59,Female,Mumbai,17-06-2024 00:00
1899,68,Female,Delhi,18-06-2024 00:00
1900,34,Male,Lucknow,19-06-2024 00:00
1901,22,Female,Lucknow,20-06-2024 00:00
1902,46,Female,Bangalore,21-06-2024 00:00
1903,21,Male,Bangalore,22-06-2024 00:00
1904,27,Male,Lucknow,23-06-2024 00:00
1905,34,Female,Mumbai,24-06-2024 00:00
1906,27,Male,Hyderabad,25-06-2024 00:00
1907,34,Female,Hyderabad,26-06-2024 00:00
1908,37,Female,Lucknow,27-06-2024 00:00
1909,41,Female,Lucknow,28-06-2024 00:00
1910,22,Female,Lucknow,29-06-2024 00:00
1911,51,Female,Mumbai,30-06-2024 00:00
1912,23,Female,Bangalore,01-07-2024 00:00
1913,19,Male,Lucknow,02-07-2024 00:00
1914,30,Male,Lucknow,03-07-2024 00:00
1915,60,Female,Delhi,04-07-2024 00:00
1916,60,Female,Mumbai,05-07-2024 00:00
1917,65,Female,Lucknow,06-07-2024 00:00
1918,28,Male,Delhi,07-07-2024 00:00
1919,68,Female,Hyderabad,08-07-2024 00:00
1920,64,Male,Lucknow,09-07-2024 00:00
1921,40,Female,Lucknow,10-07-2024 00:00
1922,33,Female,Delhi,11-07-2024 00:00
1923,48,Male,Mumbai,12-07-2024 00:00
1924,28,Male,Lucknow,13-07-2024 00:00
1925,33,Female,Hyderabad,14-07-2024 00:00
1926,25,Female,Lucknow,15-07-2024 00:00
1927,21,Female,Hyderabad,16-07-2024 00:00
1928,57,Male,Bangalore,17-07-2024 00:00
1929,21,Male,Bangalore,18-07-2024 00:00
1930,42,Male,Hyderabad,19-07-2024 00:00
1931,20,Male,Mumbai,20-07-2024 00:00
1932,49,Male,Lucknow,21-07-2024 00:00
1933,20,Male,Lucknow,22-07-2024 00:00
1934,44,Female,Bangalore,23-07-2024 00:00
1935,46,Female,Hyderabad,24-07-2024 00:00
1936,49,Male,Lucknow,25-07-2024 00:00
1937,67,Female,Lucknow,26-07-2024 00:00
1938,68,Female,Mumbai,27-07-2024 00:00
1939,36,Male,Delhi,28-07-2024 00:00
1940,38,Female,Bangalore,29-07-2024 00:00
1941,22,Male,Bangalore,30-07-2024 00:00
1942,35,Male,Delhi,31-07-2024 00:00
1943,45,Female,Lucknow,01-08-2024 00:00
1944,59,Male,Mumbai,02-08-2024 00:00
1945,39,Male,Mumbai,03-08-2024 00:00
1946,38,Male,Bangalore,04-08-2024 00:00
1947,23,Male,Mumbai,05-08-2024 00:00
1948,18,Male,Delhi,06-08-2024 00:00
1949,22,Male,Lucknow,07-08-2024 00:00
1950,58,Male,Delhi,08-08-2024 00:00
1951,29,Male,Hyderabad,09-08-2024 00:00
1952,43,Female,Bangalore,10-08-2024 00:00
1953,63,Female,Mumbai,11-08-2024 00:00
1954,51,Female,Hyderabad,12-08-2024 00:00
1955,66,Male,Mumbai,13-08-2024 00:00
1956,31,Male,Lucknow,14-08-2024 00:00
1957,43,Female,Lucknow,15-08-2024 00:00
1958,62,Female,Lucknow,16-08-2024 00:00
1959,44,Female,Mumbai,17-08-2024 00:00
1960,26,Male,Hyderabad,18-08-2024 00:00
1961,43,Female,Lucknow,19-08-2024 00:00
1962,64,Female,Hyderabad,20-08-2024 00:00
1963,39,Male,Mumbai,21-08-2024 00:00
1964,64,Female,Hyderabad,22-08-2024 00:00
1965,47,Male,Mumbai,23-08-2024 00:00
1966,60,Male,Mumbai,24-08-2024 00:00
1967,65,Male,Bangalore,25-08-2024 00:00
1968,34,Female,Mumbai,26-08-2024 00:00
1969,43,Female,Mumbai,27-08-2024 00:00
1970,53,Male,Delhi,28-08-2024 00:00
1971,18,Female,Lucknow,29-08-2024 00:00
1972,25,Female,Bangalore,30-08-2024 00:00
1973,66,Female,Bangalore,31-08-2024 00:00
1974,52,Female,Bangalore,01-09-2024 00:00
1975,69,Male,Delhi,02-09-2024 00:00
1976,32,Female,Mumbai,03-09-2024 00:00
1977,64,Male,Lucknow,04-09-2024 00:00
1978,39,Male,Hyderabad,05-09-2024 00:00
1979,31,Female,Mumbai,06-09-2024 00:00
1980,43,Male,Delhi,07-09-2024 00:00
1981,45,Female,Mumbai,08-09-2024 00:00
1982,40,Female,Mumbai,09-09-2024 00:00
1983,31,Male,Delhi,10-09-2024 00:00
1984,41,Male,Bangalore,11-09-2024 00:00
1985,19,Male,Bangalore,12-09-2024 00:00
1986,62,Male,Lucknow,13-09-2024 00:00
1987,43,Female,Lucknow,14-09-2024 00:00
1988,31,Female,Bangalore,15-09-2024 00:00
1989,68,Female,Hyderabad,16-09-2024 00:00
1990,24,Male,Mumbai,17-09-2024 00:00
1991,20,Male,Hyderabad,18-09-2024 00:00
1992,64,Male,Mumbai,19-09-2024 00:00
1993,40,Female,Bangalore,20-09-2024 00:00
1994,63,Male,Lucknow,21-09-2024 00:00
1995,60,Female,Lucknow,22-09-2024 00:00
1996,64,Male,Hyderabad,23-09-2024 00:00
1997,62,Female,Lucknow,24-09-2024 00:00
1998,35,Female,Bangalore,25-09-2024 00:00
1999,55,Male,Hyderabad,26-09-2024 00:00
2000,52,Male,Mumbai,27-09-2024 00:00
2001,68,Female,Lucknow,28-09-2024 00:00
2002,32,Female,Delhi,29-09-2024 00:00
2003,42,Male,Lucknow,30-09-2024 00:00
2004,54,Male,Mumbai,01-10-2024 00:00
2005,45,Female,Hyderabad,02-10-2024 00:00
2006,27,Male,Mumbai,03-10-2024 00:00
2007,56,Female,Delhi,04-10-2024 00:00
2008,34,Female,Bangalore,05-10-2024 00:00
2009,56,Male,Lucknow,06-10-2024 00:00
2010,39,Male,Hyderabad,07-10-2024 00:00
2011,43,Male,Bangalore,08-10-2024 00:00
2012,61,Male,Mumbai,09-10-2024 00:00
2013,42,Male,Hyderabad,10-10-2024 00:00
2014,34,Female,Bangalore,11-10-2024 00:00
2015,30,Female,Hyderabad,12-10-2024 00:00
2016,37,Male,Delhi,13-10-2024 00:00
2017,42,Male,Delhi,14-10-2024 00:00
2018,21,Male,Lucknow,15-10-2024 00:00
2019,27,Female,Lucknow,16-10-2024 00:00
2020,20,Male,Delhi,17-10-2024 00:00
2021,58,Male,Hyderabad,18-10-2024 00:00
2022,62,Female,Delhi,19-10-2024 00:00
2023,35,Female,Lucknow,20-10-2024 00:00
2024,64,Male,Delhi,21-10-2024 00:00
2025,53,Male,Delhi,22-10-2024 00:00
2026,64,Male,Hyderabad,23-10-2024 00:00
2027,39,Female,Bangalore,24-10-2024 00:00
2028,51,Male,Lucknow,25-10-2024 00:00
2029,64,Male,Hyderabad,26-10-2024 00:00
2030,25,Male,Delhi,27-10-2024 00:00
2031,57,Female,Delhi,28-10-2024 00:00
2032,66,Female,Bangalore,29-10-2024 00:00
2033,61,Male,Lucknow,30-10-2024 00:00
2034,36,Male,Lucknow,31-10-2024 00:00
2035,59,Female,Mumbai,01-11-2024 00:00
2036,58,Female,Lucknow,02-11-2024 00:00
2037,54,Female,Bangalore,03-11-2024 00:00
2038,23,Female,Mumbai,04-11-2024 00:00
2039,69,Female,Mumbai,05-11-2024 00:00
2040,43,Female,Delhi,06-11-2024 00:00
2041,51,Female,Delhi,07-11-2024 00:00
2042,62,Female,Lucknow,08-11-2024 00:00
2043,23,Female,Mumbai,09-11-2024 00:00
2044,54,Male,Delhi,10-11-2024 00:00
2045,50,Male,Bangalore,11-11-2024 00:00
2046,39,Male,Delhi,12-11-2024 00:00
2047,38,Female,Delhi,13-11-2024 00:00
2048,23,Male,Mumbai,14-11-2024 00:00
2049,23,Female,Mumbai,15-11-2024 00:00
2050,65,Female,Hyderabad,16-11-2024 00:00
2051,21,Male,Bangalore,17-11-2024 00:00
2052,47,Female,Mumbai,18-11-2024 00:00
2053,28,Male,Lucknow,19-11-2024 00:00
2054,47,Male,Bangalore,20-11-2024 00:00
2055,48,Male,Bangalore,21-11-2024 00:00
2056,41,Female,Mumbai,22-11-2024 00:00
2057,26,Male,Bangalore,23-11-2024 00:00
2058,20,Female,Mumbai,24-11-2024 00:00
2059,68,Male,Delhi,25-11-2024 00:00
2060,48,Male,Hyderabad,26-11-2024 00:00
2061,57,Male,Delhi,27-11-2024 00:00
2062,54,Female,Mumbai,28-11-2024 00:00
2063,53,Female,Mumbai,29-11-2024 00:00
2064,41,Female,Delhi,30-11-2024 00:00
2065,48,Male,Lucknow,01-12-2024 00:00
2066,23,Male,Lucknow,02-12-2024 00:00
2067,19,Female,Lucknow,03-12-2024 00:00
2068,37,Female,Mumbai,04-12-2024 00:00
2069,45,Female,Bangalore,05-12-2024 00:00
2070,28,Female,Mumbai,06-12-2024 00:00
2071,21,Female,Bangalore,07-12-2024 00:00
2072,32,Female,Delhi,08-12-2024 00:00
2073,23,Male,Hyderabad,09-12-2024 00:00
2074,66,Female,Bangalore,10-12-2024 00:00
2075,47,Male,Lucknow,11-12-2024 00:00
2076,55,Male,Mumbai,12-12-2024 00:00
2077,68,Female,Delhi,13-12-2024 00:00
2078,19,Female,Lucknow,14-12-2024 00:00
2079,32,Male,Delhi,15-12-2024 00:00
2080,28,Female,Hyderabad,16-12-2024 00:00
2081,25,Female,Mumbai,17-12-2024 00:00
2082,43,Male,Mumbai,18-12-2024 00:00
2083,68,Male,Hyderabad,19-12-2024 00:00
2084,62,Male,Mumbai,20-12-2024 00:00
2085,61,Female,Bangalore,21-12-2024 00:00
2086,22,Male,Delhi,22-12-2024 00:00
2087,23,Female,Lucknow,23-12-2024 00:00
2088,43,Male,Hyderabad,24-12-2024 00:00
2089,21,Male,Bangalore,25-12-2024 00:00
2090,36,Male,Lucknow,26-12-2024 00:00
2091,37,Female,Lucknow,27-12-2024 00:00
2092,50,Female,Hyderabad,28-12-2024 00:00
2093,37,Male,Bangalore,29-12-2024 00:00
2094,66,Male,Lucknow,30-12-2024 00:00
2095,29,Male,Lucknow,31-12-2024 00:00
2096,64,Female,Bangalore,01-01-2025 00:00
2097,18,Male,Mumbai,02-01-2025 00:00
2098,43,Female,Lucknow,03-01-2025 00:00
2099,31,Male,Delhi,04-01-2025 00:00
2100,55,Male,Bangalore,05-01-2025 00:00
2101,54,Male,Lucknow,06-01-2025 00:00
2102,28,Male,Hyderabad,07-01-2025 00:00
2103,53,Male,Delhi,08-01-2025 00:00
2104,30,Male,Lucknow,09-01-2025 00:00
2105,60,Female,Delhi,10-01-2025 00:00
2106,20,Male,Delhi,11-01-2025 00:00
2107,50,Female,Mumbai,12-01-2025 00:00
2108,23,Male,Delhi,13-01-2025 00:00
2109,67,Male,Mumbai,14-01-2025 00:00
2110,27,Female,Bangalore,15-01-2025 00:00
2111,22,Male,Mumbai,16-01-2025 00:00
2112,40,Female,Hyderabad,17-01-2025 00:00
2113,27,Female,Lucknow,18-01-2025 00:00
2114,61,Male,Bangalore,19-01-2025 00:00
2115,19,Female,Bangalore,20-01-2025 00:00
2116,30,Female,Hyderabad,21-01-2025 00:00
2117,57,Male,Mumbai,22-01-2025 00:00
2118,19,Female,Lucknow,23-01-2025 00:00
2119,37,Male,Mumbai,24-01-2025 00:00
2120,18,Male,Delhi,25-01-2025 00:00
2121,54,Male,Mumbai,26-01-2025 00:00
2122,26,Male,Bangalore,27-01-2025 00:00
2123,34,Female,Lucknow,28-01-2025 00:00
2124,26,Male,Mumbai,29-01-2025 00:00
2125,28,Male,Lucknow,30-01-2025 00:00
2126,32,Female,Lucknow,31-01-2025 00:00
2127,41,Male,Delhi,01-02-2025 00:00
2128,55,Male,Delhi,02-02-2025 00:00
2129,52,Female,Bangalore,03-02-2025 00:00
2130,47,Female,Hyderabad,04-02-2025 00:00
2131,48,Female,Lucknow,05-02-2025 00:00
2132,66,Female,Hyderabad,06-02-2025 00:00
2133,22,Female,Bangalore,07-02-2025 00:00
2134,61,Female,Lucknow,08-02-2025 00:00
2135,67,Female,Lucknow,09-02-2025 00:00
2136,31,Male,Hyderabad,10-02-2025 00:00
2137,28,Female,Mumbai,11-02-2025 00:00
2138,26,Female,Delhi,12-02-2025 00:00
2139,51,Female,Mumbai,13-02-2025 00:00
2140,29,Male,Hyderabad,14-02-2025 00:00
2141,52,Male,Delhi,15-02-2025 00:00
2142,52,Female,Mumbai,16-02-2025 00:00
2143,18,Female,Delhi,17-02-2025 00:00
2144,57,Female,Lucknow,18-02-2025 00:00
2145,39,Male,Mumbai,19-02-2025 00:00
2146,46,Male,Delhi,20-02-2025 00:00
2147,25,Female,Delhi,21-02-2025 00:00
2148,28,Male,Delhi,22-02-2025 00:00
2149,58,Female,Mumbai,23-02-2025 00:00
2150,54,Male,Bangalore,24-02-2025 00:00
2151,31,Male,Mumbai,25-02-2025 00:00
2152,47,Female,Hyderabad,26-02-2025 00:00
2153,52,Female,Mumbai,27-02-2025 00:00
2154,38,Female,Delhi,28-02-2025 00:00
2155,54,Female,Lucknow,01-03-2025 00:00
2156,22,Male,Mumbai,02-03-2025 00:00
2157,36,Male,Mumbai,03-03-2025 00:00
2158,31,Male,Delhi,04-03-2025 00:00
2159,43,Female,Lucknow,05-03-2025 00:00
2160,21,Male,Lucknow,06-03-2025 00:00
2161,42,Female,Hyderabad,07-03-2025 00:00
2162,62,Male,Mumbai,08-03-2025 00:00
2163,59,Female,Lucknow,09-03-2025 00:00
2164,42,Female,Lucknow,10-03-2025 00:00
2165,35,Male,Bangalore,11-03-2025 00:00
2166,57,Female,Bangalore,12-03-2025 00:00
2167,25,Female,Lucknow,13-03-2025 00:00
2168,56,Male,Hyderabad,14-03-2025 00:00
2169,57,Female,Lucknow,15-03-2025 00:00
2170,31,Female,Delhi,16-03-2025 00:00
2171,49,Female,Mumbai,17-03-2025 00:00
2172,68,Male,Hyderabad,18-03-2025 00:00
2173,55,Male,Delhi,19-03-2025 00:00
2174,50,Female,Hyderabad,20-03-2025 00:00
2175,40,Male,Delhi,21-03-2025 00:00
2176,32,Female,Mumbai,22-03-2025 00:00
2177,50,Female,Mumbai,23-03-2025 00:00
2178,42,Female,Bangalore,24-03-2025 00:00
2179,34,Female,Delhi,25-03-2025 00:00
2180,50,Female,Bangalore,26-03-2025 00:00
2181,64,Male,Delhi,27-03-2025 00:00
2182,19,Female,Bangalore,28-03-2025 00:00
2183,31,Male,Mumbai,29-03-2025 00:00
2184,57,Male,Hyderabad,30-03-2025 00:00
2185,57,Female,Bangalore,31-03-2025 00:00
2186,68,Female,Delhi,01-04-2025 00:00
2187,56,Male,Delhi,02-04-2025 00:00
2188,68,Male,Mumbai,03-04-2025 00:00
2189,23,Male,Delhi,04-04-2025 00:00
2190,23,Female,Lucknow,05-04-2025 00:00
2191,20,Male,Hyderabad,06-04-2025 00:00
2192,24,Female,Bangalore,07-04-2025 00:00
2193,68,Female,Hyderabad,08-04-2025 00:00
2194,25,Female,Mumbai,09-04-2025 00:00
2195,59,Male,Bangalore,10-04-2025 00:00
2196,69,Female,Bangalore,11-04-2025 00:00
2197,32,Female,Lucknow,12-04-2025 00:00
2198,64,Female,Mumbai,13-04-2025 00:00
2199,46,Female,Delhi,14-04-2025 00:00
2200,50,Female,Lucknow,15-04-2025 00:00
2201,69,Male,Lucknow,16-04-2025 00:00
2202,47,Female,Hyderabad,17-04-2025 00:00
2203,56,Female,Hyderabad,18-04-2025 00:00
2204,44,Male,Hyderabad,19-04-2025 00:00
2205,53,Female,Lucknow,20-04-2025 00:00
2206,46,Male,Delhi,21-04-2025 00:00
2207,55,Female,Bangalore,22-04-2025 00:00
2208,50,Male,Hyderabad,23-04-2025 00:00
2209,54,Male,Delhi,24-04-2025 00:00
2210,44,Female,Mumbai,25-04-2025 00:00
2211,50,Female,Hyderabad,26-04-2025 00:00
2212,21,Female,Bangalore,27-04-2025 00:00
2213,39,Male,Mumbai,28-04-2025 00:00
2214,19,Male,Mumbai,29-04-2025 00:00
2215,27,Male,Bangalore,30-04-2025 00:00
2216,22,Female,Hyderabad,01-05-2025 00:00
2217,27,Male,Lucknow,02-05-2025 00:00
2218,50,Male,Bangalore,03-05-2025 00:00
2219,55,Female,Bangalore,04-05-2025 00:00
2220,30,Male,Bangalore,05-05-2025 00:00
2221,48,Male,Mumbai,06-05-2025 00:00
2222,64,Female,Delhi,07-05-2025 00:00
2223,53,Male,Lucknow,08-05-2025 00:00
2224,62,Female,Hyderabad,09-05-2025 00:00
2225,41,Female,Hyderabad,10-05-2025 00:00
2226,69,Female,Delhi,11-05-2025 00:00
2227,32,Female,Bangalore,12-05-2025 00:00
2228,46,Female,Lucknow,13-05-2025 00:00
2229,25,Male,Hyderabad,14-05-2025 00:00
2230,22,Male,Hyderabad,15-05-2025 00:00
2231,46,Female,Bangalore,16-05-2025 00:00
2232,64,Female,Delhi,17-05-2025 00:00
2233,21,Male,Lucknow,18-05-2025 00:00
2234,29,Female,Delhi,19-05-2025 00:00
2235,62,Female,Delhi,20-05-2025 00:00
2236,19,Female,Lucknow,21-05-2025 00:00
2237,44,Male,Lucknow,22-05-2025 00:00
2238,48,Male,Hyderabad,23-05-2025 00:00
2239,68,Female,Hyderabad,24-05-2025 00:00
2240,68,Female,Lucknow,25-05-2025 00:00
2241,53,Male,Mumbai,26-05-2025 00:00
2242,53,Male,Hyderabad,27-05-2025 00:00
2243,43,Female,Mumbai,28-05-2025 00:00
2244,60,Female,Lucknow,29-05-2025 00:00
2245,44,Male,Hyderabad,30-05-2025 00:00
2246,22,Male,Delhi,31-05-2025 00:00
2247,37,Male,Lucknow,01-06-2025 00:00
2248,28,Female,Bangalore,02-06-2025 00:00
2249,27,Male,Mumbai,03-06-2025 00:00
2250,57,Female,Lucknow,04-06-2025 00:00
2251,55,Male,Lucknow,05-06-2025 00:00
2252,23,Male,Hyderabad,06-06-2025 00:00
2253,25,Male,Hyderabad,07-06-2025 00:00
2254,40,Male,Hyderabad,08-06-2025 00:00
2255,64,Female,Bangalore,09-06-2025 00:00
2256,43,Female,Hyderabad,10-06-2025 00:00
2257,63,Male,Lucknow,11-06-2025 00:00
2258,60,Female,Hyderabad,12-06-2025 00:00
2259,29,Male,Delhi,13-06-2025 00:00
2260,43,Male,Hyderabad,14-06-2025 00:00
2261,30,Male,Bangalore,15-06-2025 00:00
2262,57,Male,Delhi,16-06-2025 00:00
2263,35,Female,Lucknow,17-06-2025 00:00
2264,42,Male,Lucknow,18-06-2025 00:00
2265,50,Male,Mumbai,19-06-2025 00:00
2266,64,Female,Delhi,20-06-2025 00:00
2267,57,Male,Mumbai,21-06-2025 00:00
2268,60,Male,Delhi,22-06-2025 00:00
2269,29,Male,Delhi,23-06-2025 00:00
2270,61,Female,Bangalore,24-06-2025 00:00
2271,53,Male,Mumbai,25-06-2025 00:00
2272,65,Female,Bangalore,26-06-2025 00:00
2273,21,Male,Delhi,27-06-2025 00:00
2274,22,Male,Lucknow,28-06-2025 00:00
2275,54,Female,Delhi,29-06-2025 00:00
2276,25,Male,Bangalore,30-06-2025 00:00
2277,59,Male,Mumbai,01-07-2025 00:00
2278,66,Female,Mumbai,02-07-2025 00:00
2279,45,Female,Bangalore,03-07-2025 00:00
2280,48,Female,Mumbai,04-07-2025 00:00
2281,26,Female,Hyderabad,05-07-2025 00:00
2282,68,Female,Lucknow,06-07-2025 00:00
2283,46,Male,Lucknow,07-07-2025 00:00
2284,31,Female,Lucknow,08-07-2025 00:00
2285,57,Male,Mumbai,09-07-2025 00:00
2286,58,Male,Mumbai,10-07-2025 00:00
2287,39,Male,Delhi,11-07-2025 00:00
2288,28,Female,Delhi,12-07-2025 00:00
2289,40,Female,Lucknow,13-07-2025 00:00
2290,18,Male,Hyderabad,14-07-2025 00:00
2291,63,Female,Delhi,15-07-2025 00:00
2292,54,Female,Delhi,16-07-2025 00:00
2293,38,Female,Mumbai,17-07-2025 00:00
2294,43,Female,Hyderabad,18-07-2025 00:00
2295,63,Male,Lucknow,19-07-2025 00:00
2296,53,Male,Delhi,20-07-2025 00:00
2297,40,Female,Hyderabad,21-07-2025 00:00
2298,18,Male,Hyderabad,22-07-2025 00:00
2299,68,Female,Lucknow,23-07-2025 00:00
2300,57,Female,Hyderabad,24-07-2025 00:00
2301,32,Male,Hyderabad,25-07-2025 00:00
2302,38,Male,Hyderabad,26-07-2025 00:00
2303,64,Male,Delhi,27-07-2025 00:00
2304,26,Female,Lucknow,28-07-2025 00:00
2305,26,Male,Hyderabad,29-07-2025 00:00
2306,27,Female,Hyderabad,30-07-2025 00:00
2307,69,Male,Delhi,31-07-2025 00:00
2308,43,Male,Lucknow,01-08-2025 00:00
2309,58,Female,Mumbai,02-08-2025 00:00
2310,52,Female,Delhi,03-08-2025 00:00
2311,69,Female,Lucknow,04-08-2025 00:00
2312,42,Female,Hyderabad,05-08-2025 00:00
2313,43,Female,Lucknow,06-08-2025 00:00
2314,28,Female,Lucknow,07-08-2025 00:00
2315,55,Female,Lucknow,08-08-2025 00:00
2316,19,Female,Mumbai,09-08-2025 00:00
2317,24,Male,Lucknow,10-08-2025 00:00
2318,35,Female,Mumbai,11-08-2025 00:00
2319,44,Female,Hyderabad,12-08-2025 00:00
2320,51,Male,Mumbai,13-08-2025 00:00
2321,44,Female,Hyderabad,14-08-2025 00:00
2322,34,Male,Hyderabad,15-08-2025 00:00
2323,60,Male,Mumbai,16-08-2025 00:00
2324,61,Female,Delhi,17-08-2025 00:00
2325,68,Male,Bangalore,18-08-2025 00:00
2326,41,Female,Lucknow,19-08-2025 00:00
2327,42,Male,Bangalore,20-08-2025 00:00
2328,24,Male,Lucknow,21-08-2025 00:00
2329,69,Male,Lucknow,22-08-2025 00:00
2330,23,Female,Hyderabad,23-08-2025 00:00
2331,41,Female,Lucknow,24-08-2025 00:00
2332,50,Male,Lucknow,25-08-2025 00:00
2333,66,Male,Mumbai,26-08-2025 00:00
2334,46,Female,Bangalore,27-08-2025 00:00
2335,60,Female,Mumbai,28-08-2025 00:00
2336,39,Male,Lucknow,29-08-2025 00:00
2337,43,Male,Hyderabad,30-08-2025 00:00
2338,45,Female,Mumbai,31-08-2025 00:00
2339,67,Female,Mumbai,01-09-2025 00:00
2340,38,Female,Delhi,02-09-2025 00:00
2341,66,Female,Lucknow,03-09-2025 00:00
2342,24,Female,Hyderabad,04-09-2025 00:00
2343,34,Male,Mumbai,05-09-2025 00:00
2344,37,Female,Mumbai,06-09-2025 00:00
2345,58,Male,Hyderabad,07-09-2025 00:00
2346,66,Female,Lucknow,08-09-2025 00:00
2347,37,Male,Delhi,09-09-2025 00:00
2348,39,Female,Mumbai,10-09-2025 00:00
2349,45,Female,Delhi,11-09-2025 00:00
2350,57,Male,Bangalore,12-09-2025 00:00
2351,66,Male,Lucknow,13-09-2025 00:00
2352,24,Female,Bangalore,14-09-2025 00:00
2353,18,Female,Bangalore,15-09-2025 00:00
2354,49,Female,Bangalore,16-09-2025 00:00
2355,30,Female,Lucknow,17-09-2025 00:00
2356,47,Female,Lucknow,18-09-2025 00:00
2357,40,Male,Hyderabad,19-09-2025 00:00
2358,68,Male,Delhi,20-09-2025 00:00
2359,36,Female,Delhi,21-09-2025 00:00
2360,49,Male,Hyderabad,22-09-2025 00:00
2361,47,Male,Hyderabad,23-09-2025 00:00
2362,46,Male,Bangalore,24-09-2025 00:00
2363,66,Female,Hyderabad,25-09-2025 00:00
2364,62,Male,Mumbai,26-09-2025 00:00
2365,46,Female,Delhi,27-09-2025 00:00
2366,47,Male,Hyderabad,28-09-2025 00:00
2367,33,Female,Mumbai,29-09-2025 00:00
2368,57,Male,Mumbai,30-09-2025 00:00
2369,36,Female,Mumbai,01-10-2025 00:00
2370,35,Female,Mumbai,02-10-2025 00:00
2371,18,Male,Bangalore,03-10-2025 00:00
2372,31,Female,Mumbai,04-10-2025 00:00
2373,68,Female,Bangalore,05-10-2025 00:00
2374,64,Female,Bangalore,06-10-2025 00:00
2375,67,Female,Mumbai,07-10-2025 00:00
2376,19,Female,Delhi,08-10-2025 00:00
2377,45,Female,Mumbai,09-10-2025 00:00
2378,66,Female,Mumbai,10-10-2025 00:00
2379,67,Female,Mumbai,11-10-2025 00:00
2380,47,Male,Delhi,12-10-2025 00:00
2381,55,Male,Lucknow,13-10-2025 00:00
2382,68,Female,Lucknow,14-10-2025 00:00
2383,21,Female,Bangalore,15-10-2025 00:00
2384,18,Male,Bangalore,16-10-2025 00:00
2385,25,Male,Delhi,17-10-2025 00:00
2386,46,Male,Hyderabad,18-10-2025 00:00
2387,56,Female,Lucknow,19-10-2025 00:00
2388,20,Male,Bangalore,20-10-2025 00:00
2389,49,Female,Lucknow,21-10-2025 00:00
2390,27,Female,Delhi,22-10-2025 00:00
2391,27,Male,Delhi,23-10-2025 00:00
2392,36,Female,Hyderabad,24-10-2025 00:00
2393,63,Female,Hyderabad,25-10-2025 00:00
2394,51,Female,Delhi,26-10-2025 00:00
2395,50,Female,Bangalore,27-10-2025 00:00
2396,40,Male,Lucknow,28-10-2025 00:00
2397,45,Male,Mumbai,29-10-2025 00:00
2398,49,Female,Hyderabad,30-10-2025 00:00
2399,67,Female,Mumbai,31-10-2025 00:00
2400,24,Male,Bangalore,01-11-2025 00:00
2401,46,Female,Hyderabad,02-11-2025 00:00
2402,25,Male,Mumbai,03-11-2025 00:00
2403,18,Female,Bangalore,04-11-2025 00:00
2404,20,Female,Lucknow,05-11-2025 00:00
2405,41,Male,Bangalore,06-11-2025 00:00
2406,40,Male,Hyderabad,07-11-2025 00:00
2407,25,Male,Delhi,08-11-2025 00:00
2408,64,Male,Lucknow,09-11-2025 00:00
2409,54,Female,Mumbai,10-11-2025 00:00
2410,20,Male,Hyderabad,11-11-2025 00:00
2411,68,Female,Delhi,12-11-2025 00:00
2412,50,Male,Bangalore,13-11-2025 00:00
2413,45,Male,Delhi,14-11-2025 00:00
2414,64,Female,Hyderabad,15-11-2025 00:00
2415,25,Male,Hyderabad,16-11-2025 00:00
2416,51,Male,Delhi,17-11-2025 00:00
2417,52,Male,Bangalore,18-11-2025 00:00
2418,49,Male,Delhi,19-11-2025 00:00
2419,41,Female,Hyderabad,20-11-2025 00:00
2420,31,Female,Hyderabad,21-11-2025 00:00
2421,49,Male,Mumbai,22-11-2025 00:00
2422,63,Male,Mumbai,23-11-2025 00:00
2423,60,Male,Lucknow,24-11-2025 00:00
2424,33,Female,Hyderabad,25-11-2025 00:00
2425,21,Female,Mumbai,26-11-2025 00:00
2426,69,Female,Delhi,27-11-2025 00:00
2427,54,Female,Bangalore,28-11-2025 00:00
2428,38,Male,Delhi,29-11-2025 00:00
2429,31,Male,Bangalore,30-11-2025 00:00
2430,48,Male,Mumbai,01-12-2025 00:00
2431,65,Female,Lucknow,02-12-2025 00:00
2432,35,Male,Delhi,03-12-2025 00:00
2433,24,Female,Delhi,04-12-2025 00:00
2434,27,Female,Delhi,05-12-2025 00:00
2435,24,Male,Bangalore,06-12-2025 00:00
2436,50,Male,Mumbai,07-12-2025 00:00
2437,40,Male,Delhi,08-12-2025 00:00
2438,38,Female,Delhi,09-12-2025 00:00
2439,36,Female,Lucknow,10-12-2025 00:00
2440,65,Male,Lucknow,11-12-2025 00:00
2441,36,Male,Mumbai,12-12-2025 00:00
2442,53,Female,Mumbai,13-12-2025 00:00
2443,46,Male,Hyderabad,14-12-2025 00:00
2444,35,Female,Lucknow,15-12-2025 00:00
2445,19,Female,Hyderabad,16-12-2025 00:00
2446,18,Male,Bangalore,17-12-2025 00:00
2447,64,Male,Hyderabad,18-12-2025 00:00
2448,22,Male,Delhi,19-12-2025 00:00
2449,37,Male,Hyderabad,20-12-2025 00:00
2450,28,Female,Mumbai,21-12-2025 00:00
2451,59,Female,Bangalore,22-12-2025 00:00
2452,19,Female,Delhi,23-12-2025 00:00
2453,20,Male,Hyderabad,24-12-2025 00:00
2454,40,Female,Bangalore,25-12-2025 00:00
2455,29,Male,Bangalore,26-12-2025 00:00
2456,37,Male,Delhi,27-12-2025 00:00
2457,22,Male,Hyderabad,28-12-2025 00:00
2458,54,Male,Bangalore,29-12-2025 00:00
2459,55,Male,Bangalore,30-12-2025 00:00
2460,47,Male,Lucknow,31-12-2025 00:00
2461,26,Female,Bangalore,01-01-2026 00:00
2462,51,Male,Lucknow,02-01-2026 00:00
2463,61,Female,Hyderabad,03-01-2026 00:00
2464,52,Female,Hyderabad,04-01-2026 00:00
2465,69,Male,Hyderabad,05-01-2026 00:00
2466,39,Male,Mumbai,06-01-2026 00:00
2467,61,Male,Hyderabad,07-01-2026 00:00
2468,41,Female,Bangalore,08-01-2026 00:00
2469,34,Male,Delhi,09-01-2026 00:00
2470,27,Female,Lucknow,10-01-2026 00:00
2471,47,Male,Mumbai,11-01-2026 00:00
2472,63,Male,Hyderabad,12-01-2026 00:00
2473,40,Female,Hyderabad,13-01-2026 00:00
2474,49,Female,Delhi,14-01-2026 00:00
2475,34,Male,Delhi,15-01-2026 00:00
2476,67,Female,Mumbai,16-01-2026 00:00
2477,68,Female,Lucknow,17-01-2026 00:00
2478,34,Female,Hyderabad,18-01-2026 00:00
2479,31,Female,Mumbai,19-01-2026 00:00
2480,26,Female,Bangalore,20-01-2026 00:00
2481,57,Male,Bangalore,21-01-2026 00:00
2482,19,Male,Mumbai,22-01-2026 00:00
2483,62,Female,Hyderabad,23-01-2026 00:00
2484,42,Male,Mumbai,24-01-2026 00:00
2485,56,Male,Hyderabad,25-01-2026 00:00
2486,26,Female,Delhi,26-01-2026 00:00
2487,39,Male,Mumbai,27-01-2026 00:00
2488,60,Female,Hyderabad,28-01-2026 00:00
2489,63,Female,Mumbai,29-01-2026 00:00
2490,21,Male,Mumbai,30-01-2026 00:00
2491,43,Female,Hyderabad,31-01-2026 00:00
2492,46,Female,Hyderabad,01-02-2026 00:00
2493,62,Female,Lucknow,02-02-2026 00:00
2494,51,Female,Mumbai,03-02-2026 00:00
2495,40,Female,Bangalore,04-02-2026 00:00
2496,54,Male,Mumbai,05-02-2026 00:00
2497,28,Male,Mumbai,06-02-2026 00:00
2498,23,Female,Hyderabad,07-02-2026 00:00
2499,35,Female,Mumbai,08-02-2026 00:00
2500,38,Male,Mumbai,09-02-2026 00:00
2501,59,Female,Bangalore,10-02-2026 00:00
2502,53,Male,Hyderabad,11-02-2026 00:00
2503,58,Female,Mumbai,12-02-2026 00:00
2504,55,Female,Delhi,13-02-2026 00:00
2505,51,Female,Lucknow,14-02-2026 00:00
2506,34,Female,Bangalore,15-02-2026 00:00
2507,54,Female,Mumbai,16-02-2026 00:00
2508,42,Female,Delhi,17-02-2026 00:00
2509,55,Female,Mumbai,18-02-2026 00:00
2510,29,Male,Mumbai,19-02-2026 00:00
2511,40,Male,Hyderabad,20-02-2026 00:00
2512,59,Male,Hyderabad,21-02-2026 00:00
2513,39,Female,Hyderabad,22-02-2026 00:00
2514,38,Female,Delhi,23-02-2026 00:00
2515,44,Female,Mumbai,24-02-2026 00:00
2516,48,Female,Lucknow,25-02-2026 00:00
2517,23,Female,Bangalore,26-02-2026 00:00
2518,44,Female,Hyderabad,27-02-2026 00:00
2519,57,Female,Hyderabad,28-02-2026 00:00
2520,51,Male,Mumbai,01-03-2026 00:00
2521,29,Female,Mumbai,02-03-2026 00:00
2522,62,Male,Delhi,03-03-2026 00:00
2523,24,Male,Delhi,04-03-2026 00:00
2524,27,Female,Hyderabad,05-03-2026 00:00
2525,62,Female,Mumbai,06-03-2026 00:00
2526,34,Male,Lucknow,07-03-2026 00:00
2527,43,Male,Bangalore,08-03-2026 00:00
2528,38,Female,Mumbai,09-03-2026 00:00
2529,45,Female,Mumbai,10-03-2026 00:00
2530,63,Male,Delhi,11-03-2026 00:00
2531,19,Female,Bangalore,12-03-2026 00:00
2532,60,Female,Hyderabad,13-03-2026 00:00
2533,18,Female,Mumbai,14-03-2026 00:00
2534,68,Male,Hyderabad,15-03-2026 00:00
2535,53,Male,Mumbai,16-03-2026 00:00
2536,68,Male,Hyderabad,17-03-2026 00:00
2537,43,Female,Bangalore,18-03-2026 00:00
2538,46,Female,Delhi,19-03-2026 00:00
2539,38,Male,Bangalore,20-03-2026 00:00
2540,28,Male,Lucknow,21-03-2026 00:00
2541,57,Male,Delhi,22-03-2026 00:00
2542,28,Female,Bangalore,23-03-2026 00:00
2543,53,Male,Lucknow,24-03-2026 00:00
2544,66,Male,Mumbai,25-03-2026 00:00
2545,56,Female,Mumbai,26-03-2026 00:00
2546,57,Female,Hyderabad,27-03-2026 00:00
2547,52,Female,Delhi,28-03-2026 00:00
2548,51,Male,Mumbai,29-03-2026 00:00
2549,64,Female,Delhi,30-03-2026 00:00
2550,41,Female,Mumbai,31-03-2026 00:00
2551,39,Male,Hyderabad,01-04-2026 00:00
2552,22,Female,Bangalore,02-04-2026 00:00
2553,50,Male,Hyderabad,03-04-2026 00:00
2554,53,Male,Lucknow,04-04-2026 00:00
2555,64,Female,Mumbai,05-04-2026 00:00
2556,37,Female,Lucknow,06-04-2026 00:00
2557,36,Female,Lucknow,07-04-2026 00:00
2558,52,Female,Delhi,08-04-2026 00:00
2559,69,Female,Mumbai,09-04-2026 00:00
2560,60,Female,Lucknow,10-04-2026 00:00
2561,34,Male,Bangalore,11-04-2026 00:00
2562,62,Male,Lucknow,12-04-2026 00:00
2563,60,Female,Bangalore,13-04-2026 00:00
2564,51,Male,Delhi,14-04-2026 00:00
2565,26,Female,Lucknow,15-04-2026 00:00
2566,43,Male,Hyderabad,16-04-2026 00:00
2567,19,Male,Delhi,17-04-2026 00:00
2568,26,Male,Bangalore,18-04-2026 00:00
2569,26,Female,Delhi,19-04-2026 00:00
2570,57,Male,Lucknow,20-04-2026 00:00
2571,34,Female,Mumbai,21-04-2026 00:00
2572,18,Male,Mumbai,22-04-2026 00:00
2573,42,Male,Bangalore,23-04-2026 00:00
2574,60,Male,Bangalore,24-04-2026 00:00
2575,57,Male,Mumbai,25-04-2026 00:00
2576,59,Male,Bangalore,26-04-2026 00:00
2577,42,Female,Delhi,27-04-2026 00:00
2578,56,Female,Hyderabad,28-04-2026 00:00
2579,52,Male,Hyderabad,29-04-2026 00:00
2580,20,Male,Delhi,30-04-2026 00:00
2581,67,Male,Hyderabad,01-05-2026 00:00
2582,54,Male,Lucknow,02-05-2026 00:00
2583,61,Female,Delhi,03-05-2026 00:00
2584,61,Male,Bangalore,04-05-2026 00:00
2585,68,Female,Delhi,05-05-2026 00:00
2586,47,Male,Mumbai,06-05-2026 00:00
2587,55,Female,Bangalore,07-05-2026 00:00
2588,51,Male,Mumbai,08-05-2026 00:00
2589,29,Male,Bangalore,09-05-2026 00:00
2590,36,Female,Hyderabad,10-05-2026 00:00
2591,54,Male,Delhi,11-05-2026 00:00
2592,61,Male,Lucknow,12-05-2026 00:00
2593,66,Male,Bangalore,13-05-2026 00:00
2594,34,Female,Bangalore,14-05-2026 00:00
2595,27,Male,Mumbai,15-05-2026 00:00
2596,66,Male,Hyderabad,16-05-2026 00:00
2597,64,Female,Mumbai,17-05-2026 00:00
2598,29,Female,Mumbai,18-05-2026 00:00
2599,33,Female,Hyderabad,19-05-2026 00:00
2600,41,Male,Lucknow,20-05-2026 00:00
2601,36,Male,Mumbai,21-05-2026 00:00
2602,25,Male,Mumbai,22-05-2026 00:00
2603,48,Female,Bangalore,23-05-2026 00:00
2604,38,Male,Hyderabad,24-05-2026 00:00
2605,34,Male,Delhi,25-05-2026 00:00
2606,40,Female,Lucknow,26-05-2026 00:00
2607,54,Female,Lucknow,27-05-2026 00:00
2608,33,Female,Hyderabad,28-05-2026 00:00
2609,23,Female,Bangalore,29-05-2026 00:00
2610,25,Female,Bangalore,30-05-2026 00:00
2611,42,Male,Hyderabad,31-05-2026 00:00
2612,35,Female,Bangalore,01-06-2026 00:00
2613,42,Male,Lucknow,02-06-2026 00:00
2614,29,Male,Lucknow,03-06-2026 00:00
2615,32,Female,Delhi,04-06-2026 00:00
2616,43,Female,Hyderabad,05-06-2026 00:00
2617,58,Female,Mumbai,06-06-2026 00:00
2618,62,Male,Mumbai,07-06-2026 00:00
2619,43,Female,Delhi,08-06-2026 00:00
2620,64,Female,Delhi,09-06-2026 00:00
2621,49,Female,Bangalore,10-06-2026 00:00
2622,27,Female,Delhi,11-06-2026 00:00
2623,33,Female,Delhi,12-06-2026 00:00
2624,24,Male,Mumbai,13-06-2026 00:00
2625,34,Male,Bangalore,14-06-2026 00:00
2626,40,Male,Delhi,15-06-2026 00:00
2627,43,Female,Delhi,16-06-2026 00:00
2628,38,Female,Bangalore,17-06-2026 00:00
2629,39,Female,Hyderabad,18-06-2026 00:00
2630,24,Male,Bangalore,19-06-2026 00:00
2631,31,Female,Mumbai,20-06-2026 00:00
2632,32,Female,Hyderabad,21-06-2026 00:00
2633,24,Female,Lucknow,22-06-2026 00:00
2634,26,Male,Bangalore,23-06-2026 00:00
2635,68,Female,Mumbai,24-06-2026 00:00
2636,65,Male,Hyderabad,25-06-2026 00:00
2637,25,Female,Bangalore,26-06-2026 00:00
2638,67,Male,Delhi,27-06-2026 00:00
2639,40,Male,Bangalore,28-06-2026 00:00
2640,46,Male,Lucknow,29-06-2026 00:00
2641,35,Female,Bangalore,30-06-2026 00:00
2642,48,Female,Hyderabad,01-07-2026 00:00
2643,47,Male,Hyderabad,02-07-2026 00:00
2644,69,Male,Bangalore,03-07-2026 00:00
2645,56,Female,Hyderabad,04-07-2026 00:00
2646,52,Female,Delhi,05-07-2026 00:00
2647,35,Male,Bangalore,06-07-2026 00:00
2648,59,Female,Delhi,07-07-2026 00:00
2649,56,Female,Delhi,08-07-2026 00:00
2650,34,Female,Mumbai,09-07-2026 00:00
2651,31,Female,Bangalore,10-07-2026 00:00
2652,48,Male,Hyderabad,11-07-2026 00:00
2653,41,Female,Delhi,12-07-2026 00:00
2654,52,Female,Mumbai,13-07-2026 00:00
2655,61,Male,Bangalore,14-07-2026 00:00
2656,62,Male,Bangalore,15-07-2026 00:00
2657,51,Female,Lucknow,16-07-2026 00:00
2658,20,Female,Lucknow,17-07-2026 00:00
2659,54,Female,Delhi,18-07-2026 00:00
2660,60,Female,Lucknow,19-07-2026 00:00
2661,57,Male,Delhi,20-07-2026 00:00
2662,43,Male,Hyderabad,21-07-2026 00:00
2663,40,Male,Delhi,22-07-2026 00:00
2664,61,Female,Lucknow,23-07-2026 00:00
2665,56,Female,Hyderabad,24-07-2026 00:00
2666,32,Female,Lucknow,25-07-2026 00:00
2667,66,Female,Delhi,26-07-2026 00:00
2668,21,Male,Mumbai,27-07-2026 00:00
2669,46,Male,Bangalore,28-07-2026 00:00
2670,39,Female,Lucknow,29-07-2026 00:00
2671,42,Male,Delhi,30-07-2026 00:00
2672,30,Female,Hyderabad,31-07-2026 00:00
2673,35,Female,Lucknow,01-08-2026 00:00
2674,50,Male,Lucknow,02-08-2026 00:00
2675,33,Female,Bangalore,03-08-2026 00:00
2676,62,Female,Delhi,04-08-2026 00:00
2677,59,Male,Mumbai,05-08-2026 00:00
2678,61,Female,Hyderabad,06-08-2026 00:00
2679,19,Female,Delhi,07-08-2026 00:00
2680,52,Male,Hyderabad,08-08-2026 00:00
2681,59,Female,Lucknow,09-08-2026 00:00
2682,51,Male,Bangalore,10-08-2026 00:00
2683,47,Female,Bangalore,11-08-2026 00:00
2684,30,Male,Mumbai,12-08-2026 00:00
2685,30,Male,Bangalore,13-08-2026 00:00
2686,35,Male,Lucknow,14-08-2026 00:00
2687,49,Female,Mumbai,15-08-2026 00:00
2688,49,Male,Delhi,16-08-2026 00:00
2689,52,Male,Bangalore,17-08-2026 00:00
2690,56,Male,Mumbai,18-08-2026 00:00
2691,63,Male,Lucknow,19-08-2026 00:00
2692,69,Male,Hyderabad,20-08-2026 00:00
2693,46,Female,Hyderabad,21-08-2026 00:00
2694,66,Female,Lucknow,22-08-2026 00:00
2695,46,Female,Lucknow,23-08-2026 00:00
2696,61,Female,Hyderabad,24-08-2026 00:00
2697,33,Female,Mumbai,25-08-2026 00:00
2698,61,Female,Hyderabad,26-08-2026 00:00
2699,64,Female,Lucknow,27-08-2026 00:00
2700,27,Male,Bangalore,28-08-2026 00:00
2701,47,Female,Delhi,29-08-2026 00:00
2702,42,Male,Bangalore,30-08-2026 00:00
2703,56,Male,Bangalore,31-08-2026 00:00
2704,37,Female,Lucknow,01-09-2026 00:00
2705,22,Male,Hyderabad,02-09-2026 00:00
2706,18,Male,Mumbai,03-09-2026 00:00
2707,47,Male,Bangalore,04-09-2026 00:00
2708,66,Male,Hyderabad,05-09-2026 00:00
2709,20,Female,Mumbai,06-09-2026 00:00
2710,62,Female,Bangalore,07-09-2026 00:00
2711,31,Female,Mumbai,08-09-2026 00:00
2712,47,Female,Hyderabad,09-09-2026 00:00
2713,67,Female,Delhi,10-09-2026 00:00
2714,21,Female,Hyderabad,11-09-2026 00:00
2715,35,Female,Lucknow,12-09-2026 00:00
2716,54,Female,Mumbai,13-09-2026 00:00
2717,42,Female,Delhi,14-09-2026 00:00
2718,65,Female,Mumbai,15-09-2026 00:00
2719,18,Male,Mumbai,16-09-2026 00:00
2720,63,Female,Bangalore,17-09-2026 00:00
2721,32,Male,Lucknow,18-09-2026 00:00
2722,26,Male,Mumbai,19-09-2026 00:00
2723,32,Male,Hyderabad,20-09-2026 00:00
2724,66,Male,Hyderabad,21-09-2026 00:00
2725,41,Female,Bangalore,22-09-2026 00:00
2726,21,Male,Lucknow,23-09-2026 00:00
2727,29,Female,Lucknow,24-09-2026 00:00
2728,54,Female,Hyderabad,25-09-2026 00:00
2729,54,Male,Delhi,26-09-2026 00:00
2730,60,Female,Bangalore,27-09-2026 00:00
2731,23,Male,Bangalore,28-09-2026 00:00
2732,56,Male,Hyderabad,29-09-2026 00:00
2733,63,Female,Hyderabad,30-09-2026 00:00
2734,41,Female,Delhi,01-10-2026 00:00
2735,28,Male,Delhi,02-10-2026 00:00
2736,30,Female,Lucknow,03-10-2026 00:00
2737,51,Female,Bangalore,04-10-2026 00:00
2738,42,Female,Bangalore,05-10-2026 00:00
2739,24,Male,Hyderabad,06-10-2026 00:00
2740,69,Male,Lucknow,07-10-2026 00:00
2741,21,Female,Bangalore,08-10-2026 00:00
2742,25,Female,Lucknow,09-10-2026 00:00
2743,37,Female,Lucknow,10-10-2026 00:00
2744,46,Female,Hyderabad,11-10-2026 00:00
2745,68,Female,Lucknow,12-10-2026 00:00
2746,62,Male,Delhi,13-10-2026 00:00
2747,63,Female,Delhi,14-10-2026 00:00
2748,27,Male,Mumbai,15-10-2026 00:00
2749,60,Female,Hyderabad,16-10-2026 00:00
2750,51,Male,Mumbai,17-10-2026 00:00
2751,43,Female,Delhi,18-10-2026 00:00
2752,58,Male,Mumbai,19-10-2026 00:00
2753,66,Female,Hyderabad,20-10-2026 00:00
2754,20,Male,Hyderabad,21-10-2026 00:00
2755,23,Male,Lucknow,22-10-2026 00:00
2756,22,Male,Bangalore,23-10-2026 00:00
2757,22,Male,Lucknow,24-10-2026 00:00
2758,64,Male,Hyderabad,25-10-2026 00:00
2759,40,Male,Delhi,26-10-2026 00:00
2760,66,Female,Delhi,27-10-2026 00:00
2761,26,Male,Lucknow,28-10-2026 00:00
2762,52,Female,Hyderabad,29-10-2026 00:00
2763,37,Female,Delhi,30-10-2026 00:00
2764,66,Female,Hyderabad,31-10-2026 00:00
2765,59,Female,Delhi,01-11-2026 00:00
2766,52,Female,Hyderabad,02-11-2026 00:00
2767,67,Male,Mumbai,03-11-2026 00:00
2768,35,Male,Hyderabad,04-11-2026 00:00
2769,34,Male,Hyderabad,05-11-2026 00:00
2770,41,Female,Lucknow,06-11-2026 00:00
2771,20,Male,Mumbai,07-11-2026 00:00
2772,49,Male,Bangalore,08-11-2026 00:00
2773,52,Male,Lucknow,09-11-2026 00:00
2774,55,Male,Bangalore,10-11-2026 00:00
2775,30,Male,Delhi,11-11-2026 00:00
2776,64,Female,Bangalore,12-11-2026 00:00
2777,42,Male,Hyderabad,13-11-2026 00:00
2778,26,Female,Bangalore,14-11-2026 00:00
2779,21,Female,Lucknow,15-11-2026 00:00
2780,31,Female,Lucknow,16-11-2026 00:00
2781,54,Female,Bangalore,17-11-2026 00:00
2782,51,Female,Lucknow,18-11-2026 00:00
2783,28,Male,Lucknow,19-11-2026 00:00
2784,58,Male,Bangalore,20-11-2026 00:00
2785,20,Male,Mumbai,21-11-2026 00:00
2786,45,Female,Mumbai,22-11-2026 00:00
2787,46,Male,Delhi,23-11-2026 00:00
2788,26,Male,Lucknow,24-11-2026 00:00
2789,20,Female,Bangalore,25-11-2026 00:00
2790,42,Female,Lucknow,26-11-2026 00:00
2791,51,Female,Hyderabad,27-11-2026 00:00
2792,29,Female,Lucknow,28-11-2026 00:00
2793,59,Male,Lucknow,29-11-2026 00:00
2794,26,Female,Mumbai,30-11-2026 00:00
2795,32,Female,Bangalore,01-12-2026 00:00
2796,57,Male,Lucknow,02-12-2026 00:00
2797,42,Male,Mumbai,03-12-2026 00:00
2798,22,Female,Delhi,04-12-2026 00:00
2799,28,Male,Mumbai,05-12-2026 00:00
2800,51,Female,Mumbai,06-12-2026 00:00
2801,41,Female,Mumbai,07-12-2026 00:00
2802,32,Male,Lucknow,08-12-2026 00:00
2803,55,Male,Lucknow,09-12-2026 00:00
2804,25,Female,Delhi,10-12-2026 00:00
2805,22,Female,Hyderabad,11-12-2026 00:00
2806,65,Female,Hyderabad,12-12-2026 00:00
2807,43,Male,Hyderabad,13-12-2026 00:00
2808,35,Female,Delhi,14-12-2026 00:00
2809,23,Female,Hyderabad,15-12-2026 00:00
2810,54,Female,Hyderabad,16-12-2026 00:00
2811,65,Female,Mumbai,17-12-2026 00:00
2812,30,Female,Lucknow,18-12-2026 00:00
2813,45,Male,Lucknow,19-12-2026 00:00
2814,22,Female,Mumbai,20-12-2026 00:00
2815,30,Female,Mumbai,21-12-2026 00:00
2816,34,Female,Mumbai,22-12-2026 00:00
2817,67,Female,Lucknow,23-12-2026 00:00
2818,57,Male,Hyderabad,24-12-2026 00:00
2819,62,Male,Mumbai,25-12-2026 00:00
2820,49,Male,Delhi,26-12-2026 00:00
2821,46,Female,Mumbai,27-12-2026 00:00
2822,68,Female,Bangalore,28-12-2026 00:00
2823,20,Male,Mumbai,29-12-2026 00:00
2824,57,Male,Lucknow,30-12-2026 00:00
2825,51,Male,Mumbai,31-12-2026 00:00
2826,57,Female,Bangalore,01-01-2027 00:00
2827,44,Female,Delhi,02-01-2027 00:00
2828,30,Male,Hyderabad,03-01-2027 00:00
2829,62,Male,Mumbai,04-01-2027 00:00
2830,50,Male,Bangalore,05-01-2027 00:00
2831,23,Female,Bangalore,06-01-2027 00:00
2832,41,Female,Delhi,07-01-2027 00:00
2833,36,Female,Lucknow,08-01-2027 00:00
2834,33,Male,Mumbai,09-01-2027 00:00
2835,57,Male,Bangalore,10-01-2027 00:00
2836,45,Female,Delhi,11-01-2027 00:00
2837,50,Male,Hyderabad,12-01-2027 00:00
2838,65,Female,Bangalore,13-01-2027 00:00
2839,58,Male,Delhi,14-01-2027 00:00
2840,30,Male,Lucknow,15-01-2027 00:00
2841,60,Male,Lucknow,16-01-2027 00:00
2842,62,Male,Bangalore,17-01-2027 00:00
2843,42,Female,Bangalore,18-01-2027 00:00
2844,59,Male,Mumbai,19-01-2027 00:00
2845,53,Female,Delhi,20-01-2027 00:00
2846,44,Female,Bangalore,21-01-2027 00:00
2847,55,Female,Mumbai,22-01-2027 00:00
2848,24,Male,Mumbai,23-01-2027 00:00
2849,22,Female,Bangalore,24-01-2027 00:00
2850,60,Female,Lucknow,25-01-2027 00:00
2851,62,Female,Delhi,26-01-2027 00:00
2852,68,Male,Delhi,27-01-2027 00:00
2853,48,Male,Lucknow,28-01-2027 00:00
2854,40,Female,Bangalore,29-01-2027 00:00
2855,59,Male,Delhi,30-01-2027 00:00
2856,27,Female,Bangalore,31-01-2027 00:00
2857,49,Female,Bangalore,01-02-2027 00:00
2858,60,Male,Mumbai,02-02-2027 00:00
2859,47,Female,Lucknow,03-02-2027 00:00
2860,56,Male,Bangalore,04-02-2027 00:00
2861,48,Male,Hyderabad,05-02-2027 00:00
2862,35,Female,Lucknow,06-02-2027 00:00
2863,53,Male,Delhi,07-02-2027 00:00
2864,19,Male,Mumbai,08-02-2027 00:00
2865,31,Female,Delhi,09-02-2027 00:00
2866,30,Female,Delhi,10-02-2027 00:00
2867,46,Male,Lucknow,11-02-2027 00:00
2868,29,Male,Delhi,12-02-2027 00:00
2869,56,Female,Bangalore,13-02-2027 00:00
2870,19,Male,Delhi,14-02-2027 00:00
2871,49,Male,Mumbai,15-02-2027 00:00
2872,30,Male,Mumbai,16-02-2027 00:00
2873,63,Male,Hyderabad,17-02-2027 00:00
2874,44,Male,Mumbai,18-02-2027 00:00
2875,66,Male,Delhi,19-02-2027 00:00
2876,58,Male,Mumbai,20-02-2027 00:00
2877,34,Female,Lucknow,21-02-2027 00:00
2878,57,Female,Mumbai,22-02-2027 00:00
2879,48,Female,Bangalore,23-02-2027 00:00
2880,51,Female,Lucknow,24-02-2027 00:00
2881,41,Female,Hyderabad,25-02-2027 00:00
2882,62,Male,Bangalore,26-02-2027 00:00
2883,52,Male,Delhi,27-02-2027 00:00
2884,65,Male,Delhi,28-02-2027 00:00
2885,23,Male,Delhi,01-03-2027 00:00
2886,36,Female,Bangalore,02-03-2027 00:00
2887,47,Male,Bangalore,03-03-2027 00:00
2888,24,Male,Bangalore,04-03-2027 00:00
2889,27,Female,Lucknow,05-03-2027 00:00
2890,58,Male,Lucknow,06-03-2027 00:00
2891,49,Male,Delhi,07-03-2027 00:00
2892,51,Female,Mumbai,08-03-2027 00:00
2893,45,Male,Delhi,09-03-2027 00:00
2894,32,Male,Hyderabad,10-03-2027 00:00
2895,47,Male,Lucknow,11-03-2027 00:00
2896,54,Male,Bangalore,12-03-2027 00:00
2897,46,Male,Lucknow,13-03-2027 00:00
2898,39,Female,Bangalore,14-03-2027 00:00
2899,21,Female,Hyderabad,15-03-2027 00:00
2900,37,Female,Hyderabad,16-03-2027 00:00
2901,49,Female,Lucknow,17-03-2027 00:00
2902,53,Female,Bangalore,18-03-2027 00:00
2903,67,Female,Hyderabad,19-03-2027 00:00
2904,21,Male,Delhi,20-03-2027 00:00
2905,44,Female,Delhi,21-03-2027 00:00
2906,34,Female,Bangalore,22-03-2027 00:00
2907,29,Male,Lucknow,23-03-2027 00:00
2908,39,Male,Hyderabad,24-03-2027 00:00
2909,34,Female,Lucknow,25-03-2027 00:00
2910,27,Male,Delhi,26-03-2027 00:00
2911,18,Female,Hyderabad,27-03-2027 00:00
2912,39,Male,Lucknow,28-03-2027 00:00
2913,43,Female,Mumbai,29-03-2027 00:00
2914,35,Male,Bangalore,30-03-2027 00:00
2915,67,Male,Bangalore,31-03-2027 00:00
2916,31,Female,Mumbai,01-04-2027 00:00
2917,64,Female,Delhi,02-04-2027 00:00
2918,46,Female,Hyderabad,03-04-2027 00:00
2919,29,Female,Bangalore,04-04-2027 00:00
2920,53,Female,Mumbai,05-04-2027 00:00
2921,52,Male,Mumbai,06-04-2027 00:00
2922,69,Female,Delhi,07-04-2027 00:00
2923,29,Female,Delhi,08-04-2027 00:00
2924,24,Male,Lucknow,09-04-2027 00:00
2925,46,Male,Bangalore,10-04-2027 00:00
2926,28,Female,Lucknow,11-04-2027 00:00
2927,50,Male,Mumbai,12-04-2027 00:00
2928,23,Male,Hyderabad,13-04-2027 00:00
2929,64,Female,Hyderabad,14-04-2027 00:00
2930,32,Male,Delhi,15-04-2027 00:00
2931,49,Male,Hyderabad,16-04-2027 00:00
2932,68,Female,Hyderabad,17-04-2027 00:00
2933,28,Female,Hyderabad,18-04-2027 00:00
2934,40,Male,Mumbai,19-04-2027 00:00
2935,43,Male,Hyderabad,20-04-2027 00:00
2936,51,Female,Hyderabad,21-04-2027 00:00
2937,63,Male,Hyderabad,22-04-2027 00:00
2938,51,Male,Lucknow,23-04-2027 00:00
2939,46,Male,Mumbai,24-04-2027 00:00
2940,21,Female,Delhi,25-04-2027 00:00
2941,34,Male,Lucknow,26-04-2027 00:00
2942,52,Male,Bangalore,27-04-2027 00:00
2943,30,Female,Mumbai,28-04-2027 00:00
2944,58,Male,Mumbai,29-04-2027 00:00
2945,56,Male,Bangalore,30-04-2027 00:00
2946,32,Female,Bangalore,01-05-2027 00:00
2947,46,Female,Bangalore,02-05-2027 00:00
2948,46,Female,Delhi,03-05-2027 00:00
2949,28,Female,Hyderabad,04-05-2027 00:00
2950,69,Male,Mumbai,05-05-2027 00:00
2951,49,Male,Hyderabad,06-05-2027 00:00
2952,19,Female,Hyderabad,07-05-2027 00:00
2953,64,Female,Bangalore,08-05-2027 00:00
2954,31,Male,Delhi,09-05-2027 00:00
2955,37,Female,Lucknow,10-05-2027 00:00
2956,39,Male,Delhi,11-05-2027 00:00
2957,28,Female,Hyderabad,12-05-2027 00:00
2958,44,Male,Delhi,13-05-2027 00:00
2959,20,Female,Bangalore,14-05-2027 00:00
2960,34,Female,Lucknow,15-05-2027 00:00
2961,61,Male,Bangalore,16-05-2027 00:00
2962,45,Female,Lucknow,17-05-2027 00:00
2963,46,Male,Hyderabad,18-05-2027 00:00
2964,38,Male,Lucknow,19-05-2027 00:00
2965,64,Male,Lucknow,20-05-2027 00:00
2966,33,Male,Lucknow,21-05-2027 00:00
2967,54,Male,Delhi,22-05-2027 00:00
2968,37,Female,Delhi,23-05-2027 00:00
2969,23,Female,Hyderabad,24-05-2027 00:00
2970,36,Male,Lucknow,25-05-2027 00:00
2971,22,Female,Mumbai,26-05-2027 00:00
2972,20,Male,Hyderabad,27-05-2027 00:00
2973,18,Female,Lucknow,28-05-2027 00:00
2974,55,Female,Lucknow,29-05-2027 00:00
2975,32,Female,Delhi,30-05-2027 00:00
2976,51,Female,Hyderabad,31-05-2027 00:00
2977,52,Male,Lucknow,01-06-2027 00:00
2978,66,Male,Lucknow,02-06-2027 00:00
2979,42,Female,Hyderabad,03-06-2027 00:00
2980,41,Female,Mumbai,04-06-2027 00:00
2981,29,Male,Hyderabad,05-06-2027 00:00
2982,35,Female,Hyderabad,06-06-2027 00:00
2983,32,Male,Mumbai,07-06-2027 00:00
2984,61,Male,Hyderabad,08-06-2027 00:00
2985,33,Male,Lucknow,09-06-2027 00:00
2986,44,Female,Hyderabad,10-06-2027 00:00
2987,25,Male,Mumbai,11-06-2027 00:00
2988,63,Female,Bangalore,12-06-2027 00:00
2989,42,Male,Hyderabad,13-06-2027 00:00
2990,34,Female,Delhi,14-06-2027 00:00
2991,46,Female,Lucknow,15-06-2027 00:00
2992,25,Female,Lucknow,16-06-2027 00:00
2993,32,Male,Delhi,17-06-2027 00:00
2994,44,Male,Delhi,18-06-2027 00:00
2995,63,Female,Hyderabad,19-06-2027 00:00
2996,67,Female,Delhi,20-06-2027 00:00
2997,69,Female,Bangalore,21-06-2027 00:00
2998,24,Male,Mumbai,22-06-2027 00:00
2999,20,Male,Delhi,23-06-2027 00:00
